elapsedMinutes,label,hostPid,hostRssMiB,totalRssMiB,hostCpuPercent,totalCpuPercent,numericDescriptors,lsofRows,processCount,surfaceGeneration,completedMetalFrames,softwareFrames,failedMetalFrames
0.007033333333333333,0 min,8463,151.875,1083.5625,5.2,40.7,124,189,9,2,87,0,0
0.5145833333333333,30s,8463,153.953125,1080.34375,4.8,34.1,124,189,9,2,1021,0,0
1.0223,60s,8463,161.484375,1095.859375,2.4,17.7,124,190,9,2,1944,0,0
1.5118333333333331,90s,8463,171.625,1110.890625,4.7,33.5,127,194,9,2,2834,0,0
2.01845,120s,8463,188.125,1126.4375,4.3,29.8,129,196,9,2,3754,0,0
2.50925,150s,8463,188.125,1133.109375,3.8,26.4,129,196,9,2,4642,0,0
3.1102,186s,8463,188.390625,1140.28125,1.9,13.1,129,196,9,3,5671,0,0
3.5112,210s,8463,188.40625,1137.015625,4.9,28.3,129,196,9,3,6406,0,0
4.019666666666667,240s,8463,188.46875,1142.546875,6.0,31.7,129,196,9,3,7327,0,0
4.508816666666666,270s,8463,188.46875,1143.6875,3.1,20.8,129,196,9,3,8213,0,0
5.01755,300s,8463,188.59375,1140.140625,6.3,33.0,129,196,9,3,9138,0,0
5.508366666666666,330s,8463,188.59375,1146.5,6.8,36.5,129,196,9,3,10032,0,0
6.211133333333334,372s,8463,188.75,1141.859375,4.8,26.9,129,196,9,3,11260,0,0
6.52275,390s,8463,188.75,1146.265625,5.5,29.3,129,196,9,3,11828,0,0
7.013050000000001,420s,8463,188.8125,1143.953125,6.1,28.5,129,196,9,3,12717,0,0
7.521283333333333,450s,8463,188.828125,1144.265625,4.9,29.6,129,196,9,3,13638,0,0
8.011433333333333,480s,8463,188.828125,1151.359375,6.1,35.1,129,196,9,3,14529,0,0
8.519033333333333,510s,8463,188.8125,1148.78125,5.2,26.8,129,196,9,3,15447,0,0
9.158816666666667,549s,8463,189.1875,1152.109375,4.9,28.0,129,196,9,3,16557,0,0
9.52435,571s,8463,189.15625,1149.53125,4.5,25.9,129,196,9,3,17221,0,0
10.0155,600s,8463,189.171875,1155.25,5.3,27.599999999999998,129,196,9,3,18111,0,0
10.523433333333333,630s,8463,189.171875,1153.140625,5.7,27.8,129,196,9,3,19036,0,0
11.01365,660s,8463,189.171875,1159.8125,6.2,35.1,129,196,9,3,19927,0,0
11.522016666666667,690s,8463,189.171875,1160.921875,5.4,28.5,129,196,9,3,20848,0,0
12.122783333333333,726s,8463,191.3125,1173.640625,5.3,30.2,129,196,9,3,21896,0,0
12.524416666666667,751s,8463,191.328125,1164.71875,5.1,31.2,129,196,9,3,22634,0,0
13.0149,780s,8463,191.34375,1165.5625,5.0,29.5,129,196,9,3,23517,0,0
13.52345,810s,8463,191.265625,1166.296875,4.9,38.3,129,196,9,3,24432,0,0
14.01475,840s,8463,191.3125,1168.09375,5.7,35.9,129,196,9,3,25317,0,0
14.5233,870s,8463,191.3125,1170.46875,4.6,33.9,129,196,9,3,26232,0,0
15.109333333333332,906s,8463,191.421875,1178.875,4.6,33.9,129,196,9,4,27227,0,0
15.51075,930s,8463,191.328125,1173.859375,6.0,34.4,129,196,9,4,27960,0,0
16.018883333333335,960s,8463,191.328125,1174.328125,5.5,34.0,129,196,9,4,28875,0,0
16.50985,990s,8463,191.328125,1174.765625,5.2,36.4,129,196,9,4,29759,0,0
17.01765,1020s,8463,191.296875,1185.375,5.2,36.800000000000004,129,196,9,4,30673,0,0
17.508133333333333,1050s,8463,191.296875,1185.0625,5.1,30.1,129,196,9,4,31555,0,0
18.208933333333334,1092s,8463,191.359375,1188.4375,4.9,31.2,129,196,9,4,32762,0,0
18.522016666666666,1110s,8463,191.359375,1189.40625,4.6,32.2,129,196,9,4,33325,0,0
19.012999999999998,1140s,8463,191.40625,1189.4375,4.4,34.6,129,196,9,4,34207,0,0
19.520249999999997,1170s,8463,191.375,1190.828125,5.9,31.5,129,196,9,4,35120,0,0
20.010466666666666,1200s,8463,191.375,1193.421875,6.1,39.2,129,196,9,4,36002,0,0
20.5186,1230s,8463,191.328125,1196.484375,5.0,38.4,129,196,9,4,36917,0,0
21.157950000000003,1269s,8463,191.375,1196.203125,3.6,26.3,129,196,9,4,38019,0,0
21.524150000000002,1291s,8463,191.375,1196.40625,4.6,34.0,129,196,9,4,38678,0,0
22.014200000000002,1320s,8463,191.375,1196.203125,4.8,32.4,129,196,9,4,39560,0,0
22.522683333333337,1350s,8463,191.375,1197.125,4.9,31.2,129,196,9,4,40475,0,0
23.01425,1380s,8463,191.375,1197.28125,3.8,26.799999999999997,129,196,9,4,41360,0,0
23.522166666666667,1410s,8463,191.390625,1197.53125,4.5,30.4,129,196,9,4,42274,0,0
24.123766666666665,1447s,8463,191.484375,1216.203125,4.1,26.5,129,196,9,4,43309,0,0
24.506966666666663,1470s,8463,191.46875,1216.203125,4.8,34.9,129,196,9,4,44013,0,0
25.014499999999998,1500s,8463,191.484375,1219.9375,6.5,36.300000000000004,129,196,9,4,44933,0,0
25.522033333333333,1530s,8463,191.46875,1222.875,5.5,34.0,129,196,9,4,45857,0,0
26.011433333333333,1560s,8463,191.484375,1218.34375,4.1,28.400000000000002,129,196,9,4,46747,0,0
26.519099999999998,1590s,8463,191.484375,1218.46875,5.1,30.099999999999998,129,196,9,4,47669,0,0
27.104750000000003,1625s,8463,191.578125,1224.0,4.8,26.2,129,196,9,5,48675,0,0
27.523366666666668,1650s,8463,191.5,1218.5,4.8,25.7,129,196,9,5,49447,0,0
28.013166666666667,1680s,8463,191.5,1223.03125,4.4,25.7,129,196,9,5,50335,0,0
28.521183333333333,1710s,8463,191.5,1218.59375,5.0,30.200000000000003,129,196,9,5,51257,0,0
29.011783333333334,1740s,8463,191.5,1226.515625,4.7,37.0,129,196,9,5,52146,0,0
29.519433333333332,1770s,8463,191.5,1226.0625,4.8,26.0,129,196,9,5,53067,0,0
30.009516666666666,1800s,8463,191.515625,1222.234375,5.4,29.0,129,196,9,5,53956,0,0
30.01835,final,8463,191.515625,1227.0,4.1,22.9,129,196,9,5,53973,0,0
