pid,dumpIndex,traceTimestampMicroseconds,approxHarnessMinute,category,attribute,MiB
12459,0,75008130064,8.120233333333333,malloc,size,44.04022216796875
12459,0,75008130064,8.120233333333333,malloc,effective_size,43.0581750869751
12459,0,75008130064,8.120233333333333,malloc/allocated_objects,size,39.436492919921875
12459,0,75008130064,8.120233333333333,malloc/allocated_objects,effective_size,38.45451354980469
12459,0,75008130064,8.120233333333333,malloc/partitions/allocator,size,40.08709716796875
12459,0,75008130064,8.120233333333333,malloc/partitions/allocator,effective_size,4.190445899963379
12459,0,75008130064,8.120233333333333,gpu,size,1.06243896484375
12459,0,75008130064,8.120233333333333,gpu,effective_size,1.06243896484375
12459,0,75008130064,8.120233333333333,shared_memory,size,3.98431396484375
12459,0,75008130064,8.120233333333333,shared_memory,effective_size,1.5072040557861328
12459,2,75421108144,19.023466666666664,malloc,size,44.24763488769531
12459,2,75421108144,19.023466666666664,malloc,effective_size,43.26828861236572
12459,2,75421108144,19.023466666666664,malloc/allocated_objects,size,39.64820861816406
12459,2,75421108144,19.023466666666664,malloc/allocated_objects,effective_size,38.668907165527344
12459,2,75421108144,19.023466666666664,malloc/partitions/allocator,size,40.29450988769531
12459,2,75421108144,19.023466666666664,malloc/partitions/allocator,effective_size,4.188474655151367
12459,2,75421108144,19.023466666666664,gpu,size,1.06243896484375
12459,2,75421108144,19.023466666666664,gpu,effective_size,1.06243896484375
12459,2,75421108144,19.023466666666664,shared_memory,size,8.14056396484375
12459,2,75421108144,19.023466666666664,shared_memory,effective_size,3.460329055786133
12459,4,75661826408,,malloc,size,45.00115966796875
12459,4,75661826408,,malloc,effective_size,44.02616024017334
12459,4,75661826408,,malloc/allocated_objects,size,39.948699951171875
12459,4,75661826408,,malloc/allocated_objects,effective_size,38.973785400390625
12459,4,75661826408,,malloc/partitions/allocator,size,41.04803466796875
12459,4,75661826408,,malloc/partitions/allocator,effective_size,4.60856819152832
12459,4,75661826408,,gpu,size,1.06243896484375
12459,4,75661826408,,gpu,effective_size,1.06243896484375
12459,4,75661826408,,shared_memory,size,8.21868896484375
12459,4,75661826408,,shared_memory,effective_size,3.491579055786133
12459,6,75722084788,,malloc,size,47.065765380859375
12459,6,75722084788,,malloc,effective_size,45.998064041137695
12459,6,75722084788,,malloc/allocated_objects,size,38.8035888671875
12459,6,75722084788,,malloc/allocated_objects,effective_size,37.73594665527344
12459,6,75722084788,,malloc/partitions/allocator,size,43.112640380859375
12459,6,75722084788,,malloc/partitions/allocator,effective_size,7.568180084228516
12459,6,75722084788,,shared_memory,size,6.375
12459,6,75722084788,,shared_memory,effective_size,3.113062858581543
12461,0,75008130064,8.120233333333333,malloc,size,15.691986083984375
12461,0,75008130064,8.120233333333333,malloc,effective_size,15.591732025146484
12461,0,75008130064,8.120233333333333,malloc/allocated_objects,size,13.932601928710938
12461,0,75008130064,8.120233333333333,malloc/allocated_objects,effective_size,13.832412719726562
12461,0,75008130064,8.120233333333333,malloc/partitions/allocator,size,14.691986083984375
12461,0,75008130064,8.120233333333333,malloc/partitions/allocator,effective_size,1.647233009338379
12461,0,75008130064,8.120233333333333,skia,size,5.006498336791992
12461,0,75008130064,8.120233333333333,skia,effective_size,5.006498336791992
12461,0,75008130064,8.120233333333333,gpu,size,34.975544929504395
12461,0,75008130064,8.120233333333333,gpu,effective_size,20.95726490020752
12461,0,75008130064,8.120233333333333,shared_memory,size,6.125
12461,0,75008130064,8.120233333333333,shared_memory,effective_size,0.5171871185302734
12461,1,75421108144,15.0117,malloc,size,16.4290771484375
12461,1,75421108144,15.0117,malloc,effective_size,16.328852653503418
12461,1,75421108144,15.0117,malloc/allocated_objects,size,14.130538940429688
12461,1,75421108144,15.0117,malloc/allocated_objects,effective_size,14.030349731445312
12461,1,75421108144,15.0117,malloc/partitions/allocator,size,15.4290771484375
12461,1,75421108144,15.0117,malloc/partitions/allocator,effective_size,2.1586074829101562
12461,1,75421108144,15.0117,skia,size,0.2199697494506836
12461,1,75421108144,15.0117,skia,effective_size,0.2199697494506836
12461,1,75421108144,15.0117,gpu,size,15.623466491699219
12461,1,75421108144,15.0117,gpu,effective_size,6.183250427246094
12461,1,75421108144,15.0117,shared_memory,size,4.09375
12461,1,75421108144,15.0117,shared_memory,effective_size,0.5640621185302734
12461,2,75661826408,19.023466666666664,malloc,size,16.876068115234375
12461,2,75661826408,19.023466666666664,malloc,effective_size,16.72468376159668
12461,2,75661826408,19.023466666666664,malloc/allocated_objects,size,13.58441162109375
12461,2,75661826408,19.023466666666664,malloc/allocated_objects,effective_size,13.433072090148926
12461,2,75661826408,19.023466666666664,malloc/partitions/allocator,size,15.876068115234375
12461,2,75661826408,19.023466666666664,malloc/partitions/allocator,effective_size,3.0965843200683594
12461,2,75661826408,19.023466666666664,skia,size,0.2711200714111328
12461,2,75661826408,19.023466666666664,skia,effective_size,0.2711200714111328
12461,2,75661826408,19.023466666666664,gpu,size,20.80864715576172
12461,2,75661826408,19.023466666666664,gpu,effective_size,12.180931091308594
12461,2,75661826408,19.023466666666664,shared_memory,size,4.109375
12461,2,75661826408,19.023466666666664,shared_memory,effective_size,0.5718746185302734
12461,3,75722084788,20.025583333333334,malloc,size,14.65692138671875
12461,3,75722084788,20.025583333333334,malloc,effective_size,14.501508712768555
12461,3,75722084788,20.025583333333334,malloc/allocated_objects,size,10.76519775390625
12461,3,75722084788,20.025583333333334,malloc/allocated_objects,effective_size,10.609822273254395
12461,3,75722084788,20.025583333333334,malloc/partitions/allocator,size,13.65692138671875
12461,3,75722084788,20.025583333333334,malloc/partitions/allocator,effective_size,3.6261777877807617
12461,3,75722084788,20.025583333333334,skia,size,0.15928173065185547
12461,3,75722084788,20.025583333333334,skia,effective_size,0.15928173065185547
12461,3,75722084788,20.025583333333334,gpu,size,1.8992795944213867
12461,3,75722084788,20.025583333333334,gpu,effective_size,0.4463987350463867
12461,3,75722084788,20.025583333333334,shared_memory,size,2.15625
12461,3,75722084788,20.025583333333334,shared_memory,effective_size,0.3454856872558594
12462,0,75008130064,8.120233333333333,malloc,size,5.0043182373046875
12462,0,75008130064,8.120233333333333,malloc,effective_size,5.004279136657715
12462,0,75008130064,8.120233333333333,malloc/allocated_objects,size,3.3342742919921875
12462,0,75008130064,8.120233333333333,malloc/allocated_objects,effective_size,3.3342742919921875
12462,0,75008130064,8.120233333333333,malloc/partitions/allocator,size,3.9574432373046875
12462,0,75008130064,8.120233333333333,malloc/partitions/allocator,effective_size,1.3206634521484375
12462,0,75008130064,8.120233333333333,shared_memory,size,0.703125
12462,0,75008130064,8.120233333333333,shared_memory,effective_size,0.3392353057861328
12462,1,75421108144,15.0117,malloc,size,4.993499755859375
12462,1,75421108144,15.0117,malloc,effective_size,4.993494987487793
12462,1,75421108144,15.0117,malloc/allocated_objects,size,2.9158172607421875
12462,1,75421108144,15.0117,malloc/allocated_objects,effective_size,2.9158172607421875
12462,1,75421108144,15.0117,malloc/partitions/allocator,size,3.946624755859375
12462,1,75421108144,15.0117,malloc/partitions/allocator,effective_size,1.6420974731445312
12462,1,75421108144,15.0117,shared_memory,size,0.765625
12462,1,75421108144,15.0117,shared_memory,effective_size,0.3704853057861328
12462,2,75661826408,19.023466666666664,malloc,size,5.0926971435546875
12462,2,75661826408,19.023466666666664,malloc,effective_size,5.092660903930664
12462,2,75661826408,19.023466666666664,malloc/allocated_objects,size,3.0519866943359375
12462,2,75661826408,19.023466666666664,malloc/allocated_objects,effective_size,3.0519866943359375
12462,2,75661826408,19.023466666666664,malloc/partitions/allocator,size,4.0458221435546875
12462,2,75661826408,19.023466666666664,malloc/partitions/allocator,effective_size,1.6211910247802734
12462,2,75661826408,19.023466666666664,shared_memory,size,0.78125
12462,2,75661826408,19.023466666666664,shared_memory,effective_size,0.3782978057861328
12462,3,75722084788,20.025583333333334,malloc,size,5.2103424072265625
12462,3,75722084788,20.025583333333334,malloc,effective_size,5.210298538208008
12462,3,75722084788,20.025583333333334,malloc/allocated_objects,size,3.0095367431640625
12462,3,75722084788,20.025583333333334,malloc/allocated_objects,effective_size,3.0095367431640625
12462,3,75722084788,20.025583333333334,malloc/partitions/allocator,size,4.1634674072265625
12462,3,75722084788,20.025583333333334,malloc/partitions/allocator,effective_size,1.758589744567871
12462,3,75722084788,20.025583333333334,shared_memory,size,0.640625
12462,3,75722084788,20.025583333333334,shared_memory,effective_size,0.3083763122558594
12463,0,75008130064,8.120233333333333,malloc,size,2.5738067626953125
12463,0,75008130064,8.120233333333333,malloc,effective_size,2.5738000869750977
12463,0,75008130064,8.120233333333333,malloc/allocated_objects,size,1.7545623779296875
12463,0,75008130064,8.120233333333333,malloc/allocated_objects,effective_size,1.7545623779296875
12463,0,75008130064,8.120233333333333,malloc/partitions/allocator,size,1.5269317626953125
12463,0,75008130064,8.120233333333333,malloc/partitions/allocator,effective_size,0.4860191345214844
12463,0,75008130064,8.120233333333333,shared_memory,size,0.5
12463,0,75008130064,8.120233333333333,shared_memory,effective_size,0.2376728057861328
12463,1,75421108144,15.0117,malloc,size,2.8297882080078125
12463,1,75421108144,15.0117,malloc,effective_size,2.829758644104004
12463,1,75421108144,15.0117,malloc/allocated_objects,size,1.736602783203125
12463,1,75421108144,15.0117,malloc/allocated_objects,effective_size,1.736602783203125
12463,1,75421108144,15.0117,malloc/partitions/allocator,size,1.7829132080078125
12463,1,75421108144,15.0117,malloc/partitions/allocator,effective_size,0.6887474060058594
12463,1,75421108144,15.0117,shared_memory,size,0.578125
12463,1,75421108144,15.0117,shared_memory,effective_size,0.2767353057861328
12463,2,75661826408,19.023466666666664,malloc,size,2.829498291015625
12463,2,75661826408,19.023466666666664,malloc,effective_size,2.8294715881347656
12463,2,75661826408,19.023466666666664,malloc/allocated_objects,size,1.74127197265625
12463,2,75661826408,19.023466666666664,malloc/allocated_objects,effective_size,1.74127197265625
12463,2,75661826408,19.023466666666664,malloc/partitions/allocator,size,1.782623291015625
12463,2,75661826408,19.023466666666664,malloc/partitions/allocator,effective_size,0.6855840682983398
12463,2,75661826408,19.023466666666664,shared_memory,size,0.578125
12463,2,75661826408,19.023466666666664,shared_memory,effective_size,0.2767353057861328
12463,3,75722084788,20.025583333333334,malloc,size,2.8632049560546875
12463,3,75722084788,20.025583333333334,malloc,effective_size,2.863144874572754
12463,3,75722084788,20.025583333333334,malloc/allocated_objects,size,1.72625732421875
12463,3,75722084788,20.025583333333334,malloc/allocated_objects,effective_size,1.72625732421875
12463,3,75722084788,20.025583333333334,malloc/partitions/allocator,size,1.8163299560546875
12463,3,75722084788,20.025583333333334,malloc/partitions/allocator,effective_size,0.721217155456543
12463,3,75722084788,20.025583333333334,shared_memory,size,0.453125
12463,3,75722084788,20.025583333333334,shared_memory,effective_size,0.21462631225585938
12468,0,75008130064,8.120233333333333,malloc,size,66.49485778808594
12468,0,75008130064,8.120233333333333,malloc,effective_size,53.59893608093262
12468,0,75008130064,8.120233333333333,malloc/allocated_objects,size,45.4056339263916
12468,0,75008130064,8.120233333333333,malloc/allocated_objects,effective_size,32.509761810302734
12468,0,75008130064,8.120233333333333,malloc/partitions/allocator,size,65.41673278808594
12468,0,75008130064,8.120233333333333,malloc/partitions/allocator,effective_size,20.747254371643066
12468,0,75008130064,8.120233333333333,partition_alloc,size,10.6875
12468,0,75008130064,8.120233333333333,partition_alloc,effective_size,6.394559860229492
12468,0,75008130064,8.120233333333333,partition_alloc/allocated_objects,size,6.42645263671875
12468,0,75008130064,8.120233333333333,partition_alloc/allocated_objects,effective_size,2.1335372924804688
12468,0,75008130064,8.120233333333333,partition_alloc/partitions/array_buffer,size,0.859375
12468,0,75008130064,8.120233333333333,partition_alloc/partitions/array_buffer,effective_size,0.3426246643066406
12468,0,75008130064,8.120233333333333,partition_alloc/partitions/buffer,size,9.828125
12468,0,75008130064,8.120233333333333,partition_alloc/partitions/buffer,effective_size,3.918397903442383
12468,0,75008130064,8.120233333333333,blink_gc,size,10.99884033203125
12468,0,75008130064,8.120233333333333,blink_gc,effective_size,7.672300338745117
12468,0,75008130064,8.120233333333333,blink_objects,size,3.3265228271484375
12468,0,75008130064,8.120233333333333,blink_objects,effective_size,3.3265228271484375
12468,0,75008130064,8.120233333333333,v8,size,29.64431381225586
12468,0,75008130064,8.120233333333333,v8,effective_size,29.64431381225586
12468,0,75008130064,8.120233333333333,web_cache,size,4.5892791748046875
12468,0,75008130064,8.120233333333333,web_cache,effective_size,4.5892791748046875
12468,0,75008130064,8.120233333333333,skia,size,0.2871818542480469
12468,0,75008130064,8.120233333333333,skia,effective_size,0.2871818542480469
12468,0,75008130064,8.120233333333333,gpu,size,3.6871337890625
12468,0,75008130064,8.120233333333333,gpu,effective_size,3.6871337890625
12468,0,75008130064,8.120233333333333,shared_memory,size,5.5777587890625
12468,0,75008130064,8.120233333333333,shared_memory,effective_size,0.9368915557861328
12468,1,75421108144,15.0117,malloc,size,86.86488342285156
12468,1,75421108144,15.0117,malloc,effective_size,40.40760898590088
12468,1,75421108144,15.0117,malloc/allocated_objects,size,80.27488708496094
12468,1,75421108144,15.0117,malloc/allocated_objects,effective_size,33.81767749786377
12468,1,75421108144,15.0117,malloc/partitions/allocator,size,85.78675842285156
12468,1,75421108144,15.0117,malloc/partitions/allocator,effective_size,6.508173942565918
12468,1,75421108144,15.0117,partition_alloc,size,8.390625
12468,1,75421108144,15.0117,partition_alloc,effective_size,4.097674369812012
12468,1,75421108144,15.0117,partition_alloc/allocated_objects,size,6.858978271484375
12468,1,75421108144,15.0117,partition_alloc/allocated_objects,effective_size,2.5660629272460938
12468,1,75421108144,15.0117,partition_alloc/partitions/array_buffer,size,0.875
12468,1,75421108144,15.0117,partition_alloc/partitions/array_buffer,effective_size,0.1597137451171875
12468,1,75421108144,15.0117,partition_alloc/partitions/buffer,size,7.515625
12468,1,75421108144,15.0117,partition_alloc/partitions/buffer,effective_size,1.3718976974487305
12468,1,75421108144,15.0117,blink_gc,size,11.499183654785156
12468,1,75421108144,15.0117,blink_gc,effective_size,7.823220252990723
12468,1,75421108144,15.0117,blink_objects,size,3.6759185791015625
12468,1,75421108144,15.0117,blink_objects,effective_size,3.6759185791015625
12468,1,75421108144,15.0117,v8,size,19.740062713623047
12468,1,75421108144,15.0117,v8,effective_size,19.740062713623047
12468,1,75421108144,15.0117,web_cache,size,4.5892791748046875
12468,1,75421108144,15.0117,web_cache,effective_size,4.5892791748046875
12468,1,75421108144,15.0117,skia,size,0.2871818542480469
12468,1,75421108144,15.0117,skia,effective_size,0.2871818542480469
12468,1,75421108144,15.0117,gpu,size,1.56219482421875
12468,1,75421108144,15.0117,gpu,effective_size,1.56219482421875
12468,1,75421108144,15.0117,shared_memory,size,3.48406982421875
12468,1,75421108144,15.0117,shared_memory,effective_size,0.9447040557861328
12468,2,75661826408,19.023466666666664,malloc,size,64.91136169433594
12468,2,75661826408,19.023466666666664,malloc,effective_size,39.85206317901611
12468,2,75661826408,19.023466666666664,malloc/allocated_objects,size,59.54286193847656
12468,2,75661826408,19.023466666666664,malloc/allocated_objects,effective_size,34.483598709106445
12468,2,75661826408,19.023466666666664,malloc/partitions/allocator,size,63.83323669433594
12468,2,75661826408,19.023466666666664,malloc/partitions/allocator,effective_size,5.279300689697266
12468,2,75661826408,19.023466666666664,partition_alloc,size,9.15625
12468,2,75661826408,19.023466666666664,partition_alloc,effective_size,4.8631134033203125
12468,2,75661826408,19.023466666666664,partition_alloc/allocated_objects,size,7.5854644775390625
12468,2,75661826408,19.023466666666664,partition_alloc/allocated_objects,effective_size,3.292367935180664
12468,2,75661826408,19.023466666666664,partition_alloc/partitions/array_buffer,size,1.5
12468,2,75661826408,19.023466666666664,partition_alloc/partitions/array_buffer,effective_size,0.25731849670410156
12468,2,75661826408,19.023466666666664,partition_alloc/partitions/buffer,size,7.65625
12468,2,75661826408,19.023466666666664,partition_alloc/partitions/buffer,effective_size,1.3134269714355469
12468,2,75661826408,19.023466666666664,blink_gc,size,12.92071533203125
12468,2,75661826408,19.023466666666664,blink_gc,effective_size,6.793352127075195
12468,2,75661826408,19.023466666666664,blink_objects,size,6.127288818359375
12468,2,75661826408,19.023466666666664,blink_objects,effective_size,6.127288818359375
12468,2,75661826408,19.023466666666664,v8,size,27.673503875732422
12468,2,75661826408,19.023466666666664,v8,effective_size,27.673503875732422
12468,2,75661826408,19.023466666666664,web_cache,size,4.4930572509765625
12468,2,75661826408,19.023466666666664,web_cache,effective_size,4.4930572509765625
12468,2,75661826408,19.023466666666664,skia,size,0.4391632080078125
12468,2,75661826408,19.023466666666664,skia,effective_size,0.4391632080078125
12468,2,75661826408,19.023466666666664,gpu,size,1.56219482421875
12468,2,75661826408,19.023466666666664,gpu,effective_size,1.56219482421875
12468,2,75661826408,19.023466666666664,shared_memory,size,3.49969482421875
12468,2,75661826408,19.023466666666664,shared_memory,effective_size,0.9525165557861328
12468,3,75722084788,20.025583333333334,malloc,size,43.372894287109375
12468,3,75722084788,20.025583333333334,malloc,effective_size,42.3003454208374
12468,3,75722084788,20.025583333333334,malloc/allocated_objects,size,19.549453735351562
12468,3,75722084788,20.025583333333334,malloc/allocated_objects,effective_size,18.47694969177246
12468,3,75722084788,20.025583333333334,malloc/partitions/allocator,size,42.294769287109375
12468,3,75722084788,20.025583333333334,malloc/partitions/allocator,effective_size,23.231226921081543
12468,3,75722084788,20.025583333333334,partition_alloc,size,8.5625
12468,3,75722084788,20.025583333333334,partition_alloc,effective_size,4.269369125366211
12468,3,75722084788,20.025583333333334,partition_alloc/allocated_objects,size,6.936767578125
12468,3,75722084788,20.025583333333334,partition_alloc/allocated_objects,effective_size,2.643671989440918
12468,3,75722084788,20.025583333333334,partition_alloc/partitions/array_buffer,size,0.96875
12468,3,75722084788,20.025583333333334,partition_alloc/partitions/array_buffer,effective_size,0.18392276763916016
12468,3,75722084788,20.025583333333334,partition_alloc/partitions/buffer,size,7.59375
12468,3,75722084788,20.025583333333334,partition_alloc/partitions/buffer,effective_size,1.4417743682861328
12468,3,75722084788,20.025583333333334,blink_gc,size,13.07696533203125
12468,3,75722084788,20.025583333333334,blink_gc,effective_size,8.376832008361816
12468,3,75722084788,20.025583333333334,blink_objects,size,4.7000732421875
12468,3,75722084788,20.025583333333334,blink_objects,effective_size,4.7000732421875
12468,3,75722084788,20.025583333333334,v8,size,29.251628875732422
12468,3,75722084788,20.025583333333334,v8,effective_size,29.251628875732422
12468,3,75722084788,20.025583333333334,web_cache,size,4.4930572509765625
12468,3,75722084788,20.025583333333334,web_cache,effective_size,4.4930572509765625
12468,3,75722084788,20.025583333333334,skia,size,0.4409313201904297
12468,3,75722084788,20.025583333333334,skia,effective_size,0.4409313201904297
12468,3,75722084788,20.025583333333334,gpu,size,1.31231689453125
12468,3,75722084788,20.025583333333334,gpu,effective_size,1.31231689453125
12468,3,75722084788,20.025583333333334,shared_memory,size,2.84356689453125
12468,3,75722084788,20.025583333333334,shared_memory,effective_size,0.706812858581543
12470,0,75008130064,8.120233333333333,malloc,size,9.391021728515625
12470,0,75008130064,8.120233333333333,malloc,effective_size,9.303471565246582
12470,0,75008130064,8.120233333333333,malloc/allocated_objects,size,7.1770172119140625
12470,0,75008130064,8.120233333333333,malloc/allocated_objects,effective_size,7.08951473236084
12470,0,75008130064,8.120233333333333,malloc/partitions/allocator,size,8.312896728515625
12470,0,75008130064,8.120233333333333,malloc/partitions/allocator,effective_size,1.959803581237793
12470,0,75008130064,8.120233333333333,partition_alloc,size,1.4375
12470,0,75008130064,8.120233333333333,partition_alloc,effective_size,1.401820182800293
12470,0,75008130064,8.120233333333333,partition_alloc/allocated_objects,size,1.0756683349609375
12470,0,75008130064,8.120233333333333,partition_alloc/allocated_objects,effective_size,1.0399885177612305
12470,0,75008130064,8.120233333333333,partition_alloc/partitions/buffer,size,1.4375
12470,0,75008130064,8.120233333333333,partition_alloc/partitions/buffer,effective_size,0.3618316650390625
12470,0,75008130064,8.120233333333333,blink_gc,size,1.328125
12470,0,75008130064,8.120233333333333,blink_gc,effective_size,0.7125968933105469
12470,0,75008130064,8.120233333333333,blink_objects,size,0.6155242919921875
12470,0,75008130064,8.120233333333333,blink_objects,effective_size,0.6155242919921875
12470,0,75008130064,8.120233333333333,v8,size,4.664058685302734
12470,0,75008130064,8.120233333333333,v8,effective_size,4.664058685302734
12470,0,75008130064,8.120233333333333,web_cache,size,0.03567981719970703
12470,0,75008130064,8.120233333333333,web_cache,effective_size,0.03567981719970703
12470,0,75008130064,8.120233333333333,skia,size,0.0015687942504882812
12470,0,75008130064,8.120233333333333,skia,effective_size,0.0015687942504882812
12470,0,75008130064,8.120233333333333,gpu,size,0.12493896484375
12470,0,75008130064,8.120233333333333,gpu,effective_size,0.12493896484375
12470,0,75008130064,8.120233333333333,shared_memory,size,1.74993896484375
12470,0,75008130064,8.120233333333333,shared_memory,effective_size,0.8275165557861328
12470,1,75421108144,15.0117,malloc,size,10.020858764648438
12470,1,75421108144,15.0117,malloc,effective_size,9.933300018310547
12470,1,75421108144,15.0117,malloc/allocated_objects,size,6.8453826904296875
12470,1,75421108144,15.0117,malloc/allocated_objects,effective_size,6.757880210876465
12470,1,75421108144,15.0117,malloc/partitions/allocator,size,8.942733764648438
12470,1,75421108144,15.0117,malloc/partitions/allocator,effective_size,2.8338050842285156
12470,1,75421108144,15.0117,partition_alloc,size,1.671875
12470,1,75421108144,15.0117,partition_alloc,effective_size,1.6361885070800781
12470,1,75421108144,15.0117,partition_alloc/allocated_objects,size,0.5460205078125
12470,1,75421108144,15.0117,partition_alloc/allocated_objects,effective_size,0.510340690612793
12470,1,75421108144,15.0117,partition_alloc/partitions/buffer,size,1.671875
12470,1,75421108144,15.0117,partition_alloc/partitions/buffer,effective_size,1.1258478164672852
12470,1,75421108144,15.0117,blink_gc,size,1.328125
12470,1,75421108144,15.0117,blink_gc,effective_size,1.0191841125488281
12470,1,75421108144,15.0117,blink_objects,size,0.308929443359375
12470,1,75421108144,15.0117,blink_objects,effective_size,0.308929443359375
12470,1,75421108144,15.0117,v8,size,4.101558685302734
12470,1,75421108144,15.0117,v8,effective_size,4.101558685302734
12470,1,75421108144,15.0117,web_cache,size,0.03567981719970703
12470,1,75421108144,15.0117,web_cache,effective_size,0.03567981719970703
12470,1,75421108144,15.0117,skia,size,0.0015687942504882812
12470,1,75421108144,15.0117,skia,effective_size,0.0015687942504882812
12470,1,75421108144,15.0117,gpu,size,0.12493896484375
12470,1,75421108144,15.0117,gpu,effective_size,0.12493896484375
12470,1,75421108144,15.0117,shared_memory,size,1.76556396484375
12470,1,75421108144,15.0117,shared_memory,effective_size,0.8353290557861328
12470,2,75661826408,19.023466666666664,malloc,size,9.511062622070312
12470,2,75661826408,19.023466666666664,malloc,effective_size,9.423493385314941
12470,2,75661826408,19.023466666666664,malloc/allocated_objects,size,6.9957427978515625
12470,2,75661826408,19.023466666666664,malloc/allocated_objects,effective_size,6.90824031829834
12470,2,75661826408,19.023466666666664,malloc/partitions/allocator,size,8.432937622070312
12470,2,75661826408,19.023466666666664,malloc/partitions/allocator,effective_size,2.2301626205444336
12470,2,75661826408,19.023466666666664,partition_alloc,size,1.609375
12470,2,75661826408,19.023466666666664,partition_alloc,effective_size,1.5736770629882812
12470,2,75661826408,19.023466666666664,partition_alloc/allocated_objects,size,1.247650146484375
12470,2,75661826408,19.023466666666664,partition_alloc/allocated_objects,effective_size,1.211970329284668
12470,2,75661826408,19.023466666666664,partition_alloc/partitions/buffer,size,1.609375
12470,2,75661826408,19.023466666666664,partition_alloc/partitions/buffer,effective_size,0.3617067337036133
12470,2,75661826408,19.023466666666664,blink_gc,size,1.328125
12470,2,75661826408,19.023466666666664,blink_gc,effective_size,0.6199235916137695
12470,2,75661826408,19.023466666666664,blink_objects,size,0.7081985473632812
12470,2,75661826408,19.023466666666664,blink_objects,effective_size,0.7081985473632812
12470,2,75661826408,19.023466666666664,v8,size,4.976558685302734
12470,2,75661826408,19.023466666666664,v8,effective_size,4.976558685302734
12470,2,75661826408,19.023466666666664,web_cache,size,0.03567981719970703
12470,2,75661826408,19.023466666666664,web_cache,effective_size,0.03567981719970703
12470,2,75661826408,19.023466666666664,skia,size,0.0015687942504882812
12470,2,75661826408,19.023466666666664,skia,effective_size,0.0015687942504882812
12470,2,75661826408,19.023466666666664,gpu,size,0.12493896484375
12470,2,75661826408,19.023466666666664,gpu,effective_size,0.12493896484375
12470,2,75661826408,19.023466666666664,shared_memory,size,1.78118896484375
12470,2,75661826408,19.023466666666664,shared_memory,effective_size,0.8431415557861328
12471,0,75008130064,8.120233333333333,malloc,size,5.3684234619140625
12471,0,75008130064,8.120233333333333,malloc,effective_size,5.309720039367676
12471,0,75008130064,8.120233333333333,malloc/allocated_objects,size,4.3399200439453125
12471,0,75008130064,8.120233333333333,malloc/allocated_objects,effective_size,4.281280517578125
12471,0,75008130064,8.120233333333333,malloc/partitions/allocator,size,4.2902984619140625
12471,0,75008130064,8.120233333333333,malloc/partitions/allocator,effective_size,0.8219194412231445
12471,0,75008130064,8.120233333333333,partition_alloc,size,0.609375
12471,0,75008130064,8.120233333333333,partition_alloc,effective_size,0.6093645095825195
12471,0,75008130064,8.120233333333333,partition_alloc/allocated_objects,size,0.4302215576171875
12471,0,75008130064,8.120233333333333,partition_alloc/allocated_objects,effective_size,0.4302215576171875
12471,0,75008130064,8.120233333333333,partition_alloc/partitions/buffer,size,0.609375
12471,0,75008130064,8.120233333333333,partition_alloc/partitions/buffer,effective_size,0.17914295196533203
12471,0,75008130064,8.120233333333333,blink_gc,size,0.875
12471,0,75008130064,8.120233333333333,blink_gc,effective_size,0.6852493286132812
12471,0,75008130064,8.120233333333333,blink_objects,size,0.18975067138671875
12471,0,75008130064,8.120233333333333,blink_objects,effective_size,0.18975067138671875
12471,0,75008130064,8.120233333333333,v8,size,2.7617645263671875
12471,0,75008130064,8.120233333333333,v8,effective_size,2.7617645263671875
12471,0,75008130064,8.120233333333333,shared_memory,size,0.46875
12471,0,75008130064,8.120233333333333,shared_memory,effective_size,0.1868915557861328
12471,1,75421108144,15.0117,malloc,size,6.08917236328125
12471,1,75421108144,15.0117,malloc,effective_size,6.0304975509643555
12471,1,75421108144,15.0117,malloc/allocated_objects,size,4.36236572265625
12471,1,75421108144,15.0117,malloc/allocated_objects,effective_size,4.3037261962890625
12471,1,75421108144,15.0117,malloc/partitions/allocator,size,5.01104736328125
12471,1,75421108144,15.0117,malloc/partitions/allocator,effective_size,1.4210433959960938
12471,1,75421108144,15.0117,partition_alloc,size,0.609375
12471,1,75421108144,15.0117,partition_alloc,effective_size,0.6093645095825195
12471,1,75421108144,15.0117,partition_alloc/allocated_objects,size,0.4302215576171875
12471,1,75421108144,15.0117,partition_alloc/allocated_objects,effective_size,0.4302215576171875
12471,1,75421108144,15.0117,partition_alloc/partitions/buffer,size,0.609375
12471,1,75421108144,15.0117,partition_alloc/partitions/buffer,effective_size,0.17914295196533203
12471,1,75421108144,15.0117,blink_gc,size,0.875
12471,1,75421108144,15.0117,blink_gc,effective_size,0.6852493286132812
12471,1,75421108144,15.0117,blink_objects,size,0.18975067138671875
12471,1,75421108144,15.0117,blink_objects,effective_size,0.18975067138671875
12471,1,75421108144,15.0117,v8,size,2.7617645263671875
12471,1,75421108144,15.0117,v8,effective_size,2.7617645263671875
12471,1,75421108144,15.0117,shared_memory,size,0.546875
12471,1,75421108144,15.0117,shared_memory,effective_size,0.2259540557861328
12471,2,75661826408,19.023466666666664,malloc,size,6.6656341552734375
12471,2,75661826408,19.023466666666664,malloc,effective_size,6.606943130493164
12471,2,75661826408,19.023466666666664,malloc/allocated_objects,size,4.36505126953125
12471,2,75661826408,19.023466666666664,malloc/allocated_objects,effective_size,4.3064117431640625
12471,2,75661826408,19.023466666666664,malloc/partitions/allocator,size,5.5875091552734375
12471,2,75661826408,19.023466666666664,malloc/partitions/allocator,effective_size,1.9284515380859375
12471,2,75661826408,19.023466666666664,partition_alloc,size,0.609375
12471,2,75661826408,19.023466666666664,partition_alloc,effective_size,0.6093645095825195
12471,2,75661826408,19.023466666666664,partition_alloc/allocated_objects,size,0.4302215576171875
12471,2,75661826408,19.023466666666664,partition_alloc/allocated_objects,effective_size,0.4302215576171875
12471,2,75661826408,19.023466666666664,partition_alloc/partitions/buffer,size,0.609375
12471,2,75661826408,19.023466666666664,partition_alloc/partitions/buffer,effective_size,0.17914295196533203
12471,2,75661826408,19.023466666666664,blink_gc,size,0.875
12471,2,75661826408,19.023466666666664,blink_gc,effective_size,0.6852493286132812
12471,2,75661826408,19.023466666666664,blink_objects,size,0.18975067138671875
12471,2,75661826408,19.023466666666664,blink_objects,effective_size,0.18975067138671875
12471,2,75661826408,19.023466666666664,v8,size,2.7617645263671875
12471,2,75661826408,19.023466666666664,v8,effective_size,2.7617645263671875
12471,2,75661826408,19.023466666666664,shared_memory,size,0.5625
12471,2,75661826408,19.023466666666664,shared_memory,effective_size,0.2337665557861328
12471,3,75722084788,20.025583333333334,malloc,size,6.64105224609375
12471,3,75722084788,20.025583333333334,malloc,effective_size,6.582379341125488
12471,3,75722084788,20.025583333333334,malloc/allocated_objects,size,4.3248443603515625
12471,3,75722084788,20.025583333333334,malloc/allocated_objects,effective_size,4.266204833984375
12471,3,75722084788,20.025583333333334,malloc/partitions/allocator,size,5.56292724609375
12471,3,75722084788,20.025583333333334,malloc/partitions/allocator,effective_size,1.9401683807373047
12471,3,75722084788,20.025583333333334,partition_alloc,size,0.609375
12471,3,75722084788,20.025583333333334,partition_alloc,effective_size,0.6093645095825195
12471,3,75722084788,20.025583333333334,partition_alloc/allocated_objects,size,0.4302215576171875
12471,3,75722084788,20.025583333333334,partition_alloc/allocated_objects,effective_size,0.4302215576171875
12471,3,75722084788,20.025583333333334,partition_alloc/partitions/buffer,size,0.609375
12471,3,75722084788,20.025583333333334,partition_alloc/partitions/buffer,effective_size,0.17914295196533203
12471,3,75722084788,20.025583333333334,blink_gc,size,0.875
12471,3,75722084788,20.025583333333334,blink_gc,effective_size,0.6852493286132812
12471,3,75722084788,20.025583333333334,blink_objects,size,0.18975067138671875
12471,3,75722084788,20.025583333333334,blink_objects,effective_size,0.18975067138671875
12471,3,75722084788,20.025583333333334,v8,size,2.7617645263671875
12471,3,75722084788,20.025583333333334,v8,effective_size,2.7617645263671875
12471,3,75722084788,20.025583333333334,shared_memory,size,0.5625
12471,3,75722084788,20.025583333333334,shared_memory,effective_size,0.24587535858154297
12482,0,75008130064,8.120233333333333,malloc,size,2.06878662109375
12482,0,75008130064,8.120233333333333,malloc,effective_size,2.0687551498413086
12482,0,75008130064,8.120233333333333,malloc/allocated_objects,size,1.3052978515625
12482,0,75008130064,8.120233333333333,malloc/allocated_objects,effective_size,1.3052978515625
12482,0,75008130064,8.120233333333333,malloc/partitions/allocator,size,1.02191162109375
12482,0,75008130064,8.120233333333333,malloc/partitions/allocator,effective_size,0.3771247863769531
12482,0,75008130064,8.120233333333333,shared_memory,size,0.234375
12482,0,75008130064,8.120233333333333,shared_memory,effective_size,0.11267280578613281
12482,1,75421108144,15.0117,malloc,size,2.30096435546875
12482,1,75421108144,15.0117,malloc,effective_size,2.300919532775879
12482,1,75421108144,15.0117,malloc/allocated_objects,size,1.2978363037109375
12482,1,75421108144,15.0117,malloc/allocated_objects,effective_size,1.2978363037109375
12482,1,75421108144,15.0117,malloc/partitions/allocator,size,1.25408935546875
12482,1,75421108144,15.0117,malloc/partitions/allocator,effective_size,0.5467128753662109
12482,1,75421108144,15.0117,shared_memory,size,0.3125
12482,1,75421108144,15.0117,shared_memory,effective_size,0.1439228057861328
12482,2,75661826408,19.023466666666664,malloc,size,2.3113555908203125
12482,2,75661826408,19.023466666666664,malloc,effective_size,2.3113317489624023
12482,2,75661826408,19.023466666666664,malloc/allocated_objects,size,1.2964324951171875
12482,2,75661826408,19.023466666666664,malloc/allocated_objects,effective_size,1.2964324951171875
12482,2,75661826408,19.023466666666664,malloc/partitions/allocator,size,1.2644805908203125
12482,2,75661826408,19.023466666666664,malloc/partitions/allocator,effective_size,0.5552253723144531
12482,2,75661826408,19.023466666666664,shared_memory,size,0.3125
12482,2,75661826408,19.023466666666664,shared_memory,effective_size,0.1439228057861328
12482,3,75722084788,20.025583333333334,malloc,size,2.5613555908203125
12482,3,75722084788,20.025583333333334,malloc,effective_size,2.5613279342651367
12482,3,75722084788,20.025583333333334,malloc/allocated_objects,size,1.2976837158203125
12482,3,75722084788,20.025583333333334,malloc/allocated_objects,effective_size,1.2976837158203125
12482,3,75722084788,20.025583333333334,malloc/partitions/allocator,size,1.5144805908203125
12482,3,75722084788,20.025583333333334,malloc/partitions/allocator,effective_size,0.7471685409545898
12482,3,75722084788,20.025583333333334,shared_memory,size,0.3125
12482,3,75722084788,20.025583333333334,shared_memory,effective_size,0.14431381225585938
12483,0,75008130064,8.120233333333333,malloc,size,6.0742034912109375
12483,0,75008130064,8.120233333333333,malloc,effective_size,6.074153900146484
12483,0,75008130064,8.120233333333333,malloc/allocated_objects,size,4.8200836181640625
12483,0,75008130064,8.120233333333333,malloc/allocated_objects,effective_size,4.8200836181640625
12483,0,75008130064,8.120233333333333,malloc/partitions/allocator,size,5.0742034912109375
12483,0,75008130064,8.120233333333333,malloc/partitions/allocator,effective_size,1.0476293563842773
12483,0,75008130064,8.120233333333333,gpu,size,0.12493896484375
12483,0,75008130064,8.120233333333333,gpu,effective_size,0.12493896484375
12483,0,75008130064,8.120233333333333,shared_memory,size,0.37493896484375
12483,0,75008130064,8.120233333333333,shared_memory,effective_size,0.12048530578613281
12483,1,75421108144,15.0117,malloc,size,6.2195281982421875
12483,1,75421108144,15.0117,malloc,effective_size,6.219481468200684
12483,1,75421108144,15.0117,malloc/allocated_objects,size,4.80938720703125
12483,1,75421108144,15.0117,malloc/allocated_objects,effective_size,4.80938720703125
12483,1,75421108144,15.0117,malloc/partitions/allocator,size,5.2195281982421875
12483,1,75421108144,15.0117,malloc/partitions/allocator,effective_size,1.1833906173706055
12483,1,75421108144,15.0117,gpu,size,0.12493896484375
12483,1,75421108144,15.0117,gpu,effective_size,0.12493896484375
12483,1,75421108144,15.0117,shared_memory,size,0.45306396484375
12483,1,75421108144,15.0117,shared_memory,effective_size,0.1517353057861328
12483,2,75661826408,19.023466666666664,malloc,size,6.2196502685546875
12483,2,75661826408,19.023466666666664,malloc,effective_size,6.219611167907715
12483,2,75661826408,19.023466666666664,malloc/allocated_objects,size,4.8084564208984375
12483,2,75661826408,19.023466666666664,malloc/allocated_objects,effective_size,4.8084564208984375
12483,2,75661826408,19.023466666666664,malloc/partitions/allocator,size,5.2196502685546875
12483,2,75661826408,19.023466666666664,malloc/partitions/allocator,effective_size,1.1842784881591797
12483,2,75661826408,19.023466666666664,gpu,size,0.12493896484375
12483,2,75661826408,19.023466666666664,gpu,effective_size,0.12493896484375
12483,2,75661826408,19.023466666666664,shared_memory,size,0.46868896484375
12483,2,75661826408,19.023466666666664,shared_memory,effective_size,0.1595478057861328
12483,3,75722084788,20.025583333333334,malloc,size,6.3602752685546875
12483,3,75722084788,20.025583333333334,malloc,effective_size,6.360258102416992
12483,3,75722084788,20.025583333333334,malloc/allocated_objects,size,4.8086090087890625
12483,3,75722084788,20.025583333333334,malloc/allocated_objects,effective_size,4.8086090087890625
12483,3,75722084788,20.025583333333334,malloc/partitions/allocator,size,5.3602752685546875
12483,3,75722084788,20.025583333333334,malloc/partitions/allocator,effective_size,1.3076915740966797
12483,3,75722084788,20.025583333333334,gpu,size,0.12493896484375
12483,3,75722084788,20.025583333333334,gpu,effective_size,0.12493896484375
12483,3,75722084788,20.025583333333334,shared_memory,size,0.46868896484375
12483,3,75722084788,20.025583333333334,shared_memory,effective_size,0.15993881225585938
13094,0,75008130064,8.120233333333333,malloc,size,2.2138671875
13094,0,75008130064,8.120233333333333,malloc,effective_size,2.213838577270508
13094,0,75008130064,8.120233333333333,malloc/allocated_objects,size,1.3367462158203125
13094,0,75008130064,8.120233333333333,malloc/allocated_objects,effective_size,1.3367462158203125
13094,0,75008130064,8.120233333333333,malloc/partitions/allocator,size,1.1513671875
13094,0,75008130064,8.120233333333333,malloc/partitions/allocator,effective_size,0.4561491012573242
13094,0,75008130064,8.120233333333333,shared_memory,size,1.421875
13094,0,75008130064,8.120233333333333,shared_memory,effective_size,0.7064228057861328
13094,1,75421108144,15.0117,malloc,size,2.559112548828125
13094,1,75421108144,15.0117,malloc,effective_size,2.5590810775756836
13094,1,75421108144,15.0117,malloc/allocated_objects,size,1.51959228515625
13094,1,75421108144,15.0117,malloc/allocated_objects,effective_size,1.51959228515625
13094,1,75421108144,15.0117,malloc/partitions/allocator,size,1.496612548828125
13094,1,75421108144,15.0117,malloc/partitions/allocator,effective_size,0.60791015625
13094,1,75421108144,15.0117,shared_memory,size,5.640625
13094,1,75421108144,15.0117,shared_memory,effective_size,2.956422805786133
13094,2,75661826408,19.023466666666664,malloc,size,2.809051513671875
13094,2,75661826408,19.023466666666664,malloc,effective_size,2.8090286254882812
13094,2,75661826408,19.023466666666664,malloc/allocated_objects,size,1.708648681640625
13094,2,75661826408,19.023466666666664,malloc/allocated_objects,effective_size,1.708648681640625
13094,2,75661826408,19.023466666666664,malloc/partitions/allocator,size,1.746551513671875
13094,2,75661826408,19.023466666666664,malloc/partitions/allocator,effective_size,0.6841707229614258
13094,2,75661826408,19.023466666666664,shared_memory,size,5.8125
13094,2,75661826408,19.023466666666664,shared_memory,effective_size,3.128297805786133
13094,3,75722084788,20.025583333333334,malloc,size,3.0089111328125
13094,3,75722084788,20.025583333333334,malloc,effective_size,3.0088796615600586
13094,3,75722084788,20.025583333333334,malloc/allocated_objects,size,1.8902435302734375
13094,3,75722084788,20.025583333333334,malloc/allocated_objects,effective_size,1.8902435302734375
13094,3,75722084788,20.025583333333334,malloc/partitions/allocator,size,1.9464111328125
13094,3,75722084788,20.025583333333334,malloc/partitions/allocator,effective_size,0.7236299514770508
13094,3,75722084788,20.025583333333334,shared_memory,size,5.703125
13094,3,75722084788,20.025583333333334,shared_memory,effective_size,3.0896263122558594
