workload,minute,target,usedSize,totalSize,embedderHeapUsedSize,backingStorageSize,documents,nodes,jsEventListeners
youtube,0.8343305812501057,7A69DF356F4BEA5A49CCD75D9BECDCD5,1846056,3145728,1496152,54115,8,49,4
youtube,0.8343305812501057,769B2234E8A04C03D01C2C01C9600C5F,18380640,36175872,3848104,5680778,2,1292,557
youtube,1.3344820499999817,7A69DF356F4BEA5A49CCD75D9BECDCD5,944056,2097152,610856,37470,1,21,4
youtube,1.3344820499999817,769B2234E8A04C03D01C2C01C9600C5F,20327832,24117248,5713304,5188216,2,1340,593
youtube,1.8346506617999694,7A69DF356F4BEA5A49CCD75D9BECDCD5,1147076,2359296,610856,38369,1,21,4
youtube,1.8346506617999694,769B2234E8A04C03D01C2C01C9600C5F,18497392,24674304,5928032,4975346,2,1361,611
youtube,2.334826324299987,7A69DF356F4BEA5A49CCD75D9BECDCD5,1346804,2621440,617640,39268,1,21,4
youtube,2.334826324299987,769B2234E8A04C03D01C2C01C9600C5F,17554536,26247168,5696736,4927894,2,1349,599
youtube,2.8350116999999346,7A69DF356F4BEA5A49CCD75D9BECDCD5,1109564,2359296,813736,50295,1,21,4
youtube,2.8350116999999346,769B2234E8A04C03D01C2C01C9600C5F,17255500,22577152,5865960,3768524,2,1358,611
youtube,3.335256386100082,7A69DF356F4BEA5A49CCD75D9BECDCD5,1307636,2621440,857592,51194,1,21,4
youtube,3.335256386100082,769B2234E8A04C03D01C2C01C9600C5F,18250120,22577152,8292016,3773947,2,1435,671
youtube,3.835383470133335,7A69DF356F4BEA5A49CCD75D9BECDCD5,1499592,2621440,883912,52093,1,21,4
youtube,3.835383470133335,769B2234E8A04C03D01C2C01C9600C5F,17982952,22577152,10960256,3825422,2,1506,725
youtube,4.335570798600141,7A69DF356F4BEA5A49CCD75D9BECDCD5,1371132,2883584,924608,52992,1,21,4
youtube,4.335570798600141,769B2234E8A04C03D01C2C01C9600C5F,17964360,22577152,6095424,3721656,2,1349,611
youtube,4.835689363883285,7A69DF356F4BEA5A49CCD75D9BECDCD5,1661836,3145728,978248,63780,1,21,4
youtube,4.835689363883285,769B2234E8A04C03D01C2C01C9600C5F,18004764,23101440,8910072,3727306,2,1468,695
youtube,5.335849144433451,7A69DF356F4BEA5A49CCD75D9BECDCD5,1841532,3145728,1130872,64679,1,21,4
youtube,5.335849144433451,769B2234E8A04C03D01C2C01C9600C5F,18090264,22052864,5282088,3721351,2,1321,581
youtube,5.836269538883304,7A69DF356F4BEA5A49CCD75D9BECDCD5,985556,2097152,555112,37470,1,21,4
youtube,5.836269538883304,769B2234E8A04C03D01C2C01C9600C5F,18593188,24674304,5733496,4427560,2,1321,581
youtube,6.336407706933339,7A69DF356F4BEA5A49CCD75D9BECDCD5,1177572,2359296,555112,38369,1,21,4
youtube,6.336407706933339,769B2234E8A04C03D01C2C01C9600C5F,18294540,25460736,6172984,4697589,2,1326,587
youtube,6.8365758965167815,7A69DF356F4BEA5A49CCD75D9BECDCD5,1468736,2621440,593336,51194,1,21,4
youtube,6.8365758965167815,769B2234E8A04C03D01C2C01C9600C5F,18550284,23363584,9405736,5032831,2,1438,664
youtube,7.33677032083336,7A69DF356F4BEA5A49CCD75D9BECDCD5,1134716,3407872,635936,52093,1,21,4
youtube,7.33677032083336,769B2234E8A04C03D01C2C01C9600C5F,18185448,24674304,6876208,3747529,2,1352,611
youtube,7.8369010180501695,7A69DF356F4BEA5A49CCD75D9BECDCD5,1326968,3407872,662808,52992,1,21,4
youtube,7.8369010180501695,769B2234E8A04C03D01C2C01C9600C5F,18034084,25198592,10250448,3752869,2,1437,677
youtube,8.337009463183495,7A69DF356F4BEA5A49CCD75D9BECDCD5,1519092,3670016,722320,53891,1,21,4
youtube,8.337009463183495,769B2234E8A04C03D01C2C01C9600C5F,18440852,25460736,4931704,4218511,2,1313,575
youtube,8.837164705550094,7A69DF356F4BEA5A49CCD75D9BECDCD5,1504492,3145728,765520,71871,1,21,4
youtube,8.837164705550094,769B2234E8A04C03D01C2C01C9600C5F,17323356,20480000,4844664,5072500,2,2132,799
youtube,9.337315913883504,7A69DF356F4BEA5A49CCD75D9BECDCD5,1707536,3145728,801168,72770,1,21,4
youtube,9.337315913883504,769B2234E8A04C03D01C2C01C9600C5F,17588612,20217856,5620056,5642953,2,2132,799
youtube,9.837463281250045,7A69DF356F4BEA5A49CCD75D9BECDCD5,1899672,3145728,971440,73669,1,21,4
youtube,9.837463281250045,769B2234E8A04C03D01C2C01C9600C5F,17196592,20480000,4172360,3722539,2,2132,799
youtube,10.337683534016833,7A69DF356F4BEA5A49CCD75D9BECDCD5,1677664,2883584,1010512,74568,1,21,4
youtube,10.337683534016833,769B2234E8A04C03D01C2C01C9600C5F,16400740,18382848,4256992,5193120,2,2132,799
youtube,10.838356052083448,7A69DF356F4BEA5A49CCD75D9BECDCD5,1055152,2621440,694608,47598,1,21,4
youtube,10.838356052083448,769B2234E8A04C03D01C2C01C9600C5F,16727080,18120704,6444912,3961401,2,2159,806
youtube,11.338502995833307,7A69DF356F4BEA5A49CCD75D9BECDCD5,1248436,2883584,694608,48497,1,21,4
youtube,11.338502995833307,769B2234E8A04C03D01C2C01C9600C5F,16815584,18644992,4083024,3907435,2,2132,799
youtube,11.838669436099979,7A69DF356F4BEA5A49CCD75D9BECDCD5,1440892,3145728,732688,49396,1,21,4
youtube,11.838669436099979,769B2234E8A04C03D01C2C01C9600C5F,17170440,19169280,5312904,5527225,2,2132,799
youtube,12.338874339583466,7A69DF356F4BEA5A49CCD75D9BECDCD5,1633112,3407872,773104,50295,1,21,4
youtube,12.338874339583466,769B2234E8A04C03D01C2C01C9600C5F,17120304,18644992,4144280,4168663,2,2132,799
youtube,12.839029404166649,7A69DF356F4BEA5A49CCD75D9BECDCD5,1335992,3932160,800760,61083,1,21,4
youtube,12.839029404166649,769B2234E8A04C03D01C2C01C9600C5F,17119388,18382848,6292480,5092773,2,2159,804
youtube,13.339159517350103,7A69DF356F4BEA5A49CCD75D9BECDCD5,1528476,4194304,846744,61982,1,21,4
youtube,13.339159517350103,769B2234E8A04C03D01C2C01C9600C5F,17493892,18907136,8252784,5098009,2,2159,804
youtube,13.83941264443347,7A69DF356F4BEA5A49CCD75D9BECDCD5,1430436,3407872,893536,62881,1,21,4
youtube,13.83941264443347,769B2234E8A04C03D01C2C01C9600C5F,16668080,18120704,4536032,3838947,2,2132,799
youtube,14.339634242349954,7A69DF356F4BEA5A49CCD75D9BECDCD5,1622740,3407872,930088,63780,1,21,4
youtube,14.339634242349954,769B2234E8A04C03D01C2C01C9600C5F,18201220,22839296,4235272,4424620,2,2132,799
youtube,14.839849156249935,7A69DF356F4BEA5A49CCD75D9BECDCD5,1850920,3407872,1097488,76366,1,21,4
youtube,14.839849156249935,769B2234E8A04C03D01C2C01C9600C5F,16865496,18382848,5810240,4122422,2,2147,803
youtube,15.340033913883477,7A69DF356F4BEA5A49CCD75D9BECDCD5,1632580,2883584,1137032,77265,1,21,4
youtube,15.340033913883477,769B2234E8A04C03D01C2C01C9600C5F,17249256,18644992,7773280,4127628,2,2147,803
youtube,15.840688046516638,7A69DF356F4BEA5A49CCD75D9BECDCD5,1053524,2621440,513104,37470,1,21,4
youtube,15.840688046516638,769B2234E8A04C03D01C2C01C9600C5F,16687508,18382848,5727696,3880785,2,2132,799
youtube,16.340931684016688,7A69DF356F4BEA5A49CCD75D9BECDCD5,1245392,2883584,513104,38369,1,21,4
youtube,16.340931684016688,769B2234E8A04C03D01C2C01C9600C5F,16950784,18382848,7746240,3886021,2,2132,799
youtube,16.841188072216756,7A69DF356F4BEA5A49CCD75D9BECDCD5,1582116,3145728,710696,58386,1,21,4
youtube,16.841188072216756,769B2234E8A04C03D01C2C01C9600C5F,21528420,30441472,5748120,4256627,2,3122,1125
youtube,17.34136812985016,7A69DF356F4BEA5A49CCD75D9BECDCD5,1304180,3932160,749960,59285,1,21,4
youtube,17.34136812985016,769B2234E8A04C03D01C2C01C9600C5F,21323444,29917184,5416520,4316436,2,3124,1109
youtube,17.841571325683375,7A69DF356F4BEA5A49CCD75D9BECDCD5,1492624,4194304,775088,60184,1,21,4
youtube,17.841571325683375,769B2234E8A04C03D01C2C01C9600C5F,20247428,26247168,4370472,6139657,2,3092,1085
youtube,18.341763534016597,7A69DF356F4BEA5A49CCD75D9BECDCD5,1684552,4456448,831264,61083,1,21,4
youtube,18.341763534016597,769B2234E8A04C03D01C2C01C9600C5F,20580320,26247168,7111240,5543290,2,3169,1145
youtube,18.84193165416679,7A69DF356F4BEA5A49CCD75D9BECDCD5,1672552,3407872,869752,71871,1,21,4
youtube,18.84193165416679,769B2234E8A04C03D01C2C01C9600C5F,19779580,26509312,6142264,4378982,2,3121,1109
youtube,19.34208977846671,7A69DF356F4BEA5A49CCD75D9BECDCD5,1863104,3407872,917632,72770,1,21,4
youtube,19.34208977846671,769B2234E8A04C03D01C2C01C9600C5F,19636932,26771456,5898896,4039740,2,3118,1109
youtube,19.842349616666617,7A69DF356F4BEA5A49CCD75D9BECDCD5,2055804,3407872,946032,73669,1,21,4
youtube,19.842349616666617,769B2234E8A04C03D01C2C01C9600C5F,20255344,26247168,5750392,4254738,2,3121,1109
youtube,20.34256000138339,7A69DF356F4BEA5A49CCD75D9BECDCD5,1794988,2883584,983416,74568,1,21,4
youtube,20.34256000138339,769B2234E8A04C03D01C2C01C9600C5F,21271644,28344320,5707968,4300119,2,3118,1109
static,0.0003451673665646619,02131509B0A93DA84A6DEF88C060D6F1,642308,1572864,1258432,7400,2,56,0
static,0.5004427791665269,02131509B0A93DA84A6DEF88C060D6F1,548956,1310720,757144,7372,1,37,0
static,1.0005018902833398,02131509B0A93DA84A6DEF88C060D6F1,550064,1572864,757144,7372,1,37,0
static,1.5005631992998436,02131509B0A93DA84A6DEF88C060D6F1,551172,1572864,757144,7372,1,37,0
static,2.0006217749997934,02131509B0A93DA84A6DEF88C060D6F1,552280,1572864,757144,7372,1,37,0
static,2.500687806950009,02131509B0A93DA84A6DEF88C060D6F1,553388,1572864,757144,7372,1,37,0
static,3.000763030549812,02131509B0A93DA84A6DEF88C060D6F1,554496,1572864,757144,7372,1,37,0
static,3.5008336638832893,02131509B0A93DA84A6DEF88C060D6F1,555604,1572864,757144,7372,1,37,0
static,4.0009168874998675,02131509B0A93DA84A6DEF88C060D6F1,556712,1572864,757144,7372,1,37,0
static,4.500990734033257,02131509B0A93DA84A6DEF88C060D6F1,557820,1572864,757144,7372,1,37,0
static,5.001086040966523,02131509B0A93DA84A6DEF88C060D6F1,558928,1572864,757144,7372,1,37,0
static,5.50121948749996,02131509B0A93DA84A6DEF88C060D6F1,547284,1310720,379504,7372,1,37,0
static,6.001293384033246,02131509B0A93DA84A6DEF88C060D6F1,548392,1572864,462152,7372,1,37,0
static,6.501371936799842,02131509B0A93DA84A6DEF88C060D6F1,549500,1572864,462152,7372,1,37,0
static,7.001457559033345,02131509B0A93DA84A6DEF88C060D6F1,550608,1572864,462152,7372,1,37,0
static,7.5015469652833415,02131509B0A93DA84A6DEF88C060D6F1,551716,1572864,462152,7372,1,37,0
