workload,minute,pid,type,rssMiB,cpuPercent
youtube,0.006516666666666667,12459,host,152.9375,3.6
youtube,0.006516666666666667,12461,gpu-process,129.890625,7.8
youtube,0.006516666666666667,12462,utility,90.953125,0.1
youtube,0.006516666666666667,12463,utility,71.96875,0.0
youtube,0.006516666666666667,12468,renderer,255.1875,15.5
youtube,0.006516666666666667,12470,renderer,129.078125,0.5
youtube,0.006516666666666667,12471,renderer,91.984375,0.0
youtube,0.006516666666666667,12482,utility,72.140625,0.0
youtube,0.006516666666666667,12483,utility,88.734375,0.0
youtube,0.5101166666666667,12459,host,155.53125,4.4
youtube,0.5101166666666667,12461,gpu-process,128.71875,9.4
youtube,0.5101166666666667,12462,utility,91.46875,0.0
youtube,0.5101166666666667,12463,utility,72.0625,0.0
youtube,0.5101166666666667,12468,renderer,266.5625,20.0
youtube,0.5101166666666667,12470,renderer,131.59375,0.4
youtube,0.5101166666666667,12471,renderer,91.96875,0.0
youtube,0.5101166666666667,12482,utility,72.109375,0.0
youtube,0.5101166666666667,12483,utility,85.890625,0.0
youtube,1.0138500000000001,12459,host,166.125,10.8
youtube,1.0138500000000001,12461,gpu-process,124.671875,7.4
youtube,1.0138500000000001,12462,utility,91.5625,0.1
youtube,1.0138500000000001,12463,utility,72.3125,0.0
youtube,1.0138500000000001,12468,renderer,256.234375,15.9
youtube,1.0138500000000001,12470,renderer,135.171875,0.3
youtube,1.0138500000000001,12471,renderer,92.015625,0.0
youtube,1.0138500000000001,12482,utility,72.25,0.0
youtube,1.0138500000000001,12483,utility,86.015625,0.0
youtube,1.5172833333333335,12459,host,172.078125,8.0
youtube,1.5172833333333335,12461,gpu-process,124.703125,6.9
youtube,1.5172833333333335,12462,utility,91.609375,1.8
youtube,1.5172833333333335,12463,utility,72.3125,0.0
youtube,1.5172833333333335,12468,renderer,259.1875,13.9
youtube,1.5172833333333335,12470,renderer,135.5625,0.1
youtube,1.5172833333333335,12471,renderer,92.03125,0.0
youtube,1.5172833333333335,12482,utility,72.25,0.0
youtube,1.5172833333333335,12483,utility,86.03125,0.0
youtube,1.5172833333333335,12562,utility,13.359375,0.0
youtube,2.11125,12459,host,192.578125,4.2
youtube,2.11125,12461,gpu-process,129.65625,7.4
youtube,2.11125,12462,utility,91.75,0.0
youtube,2.11125,12463,utility,72.3125,0.0
youtube,2.11125,12468,renderer,266.703125,17.1
youtube,2.11125,12470,renderer,136.34375,0.3
youtube,2.11125,12471,renderer,92.03125,0.0
youtube,2.11125,12482,utility,72.265625,0.0
youtube,2.11125,12483,utility,86.046875,0.0
youtube,2.5117666666666665,12459,host,147.546875,5.2
youtube,2.5117666666666665,12461,gpu-process,94.765625,8.8
youtube,2.5117666666666665,12462,utility,71.890625,0.0
youtube,2.5117666666666665,12463,utility,55.546875,0.0
youtube,2.5117666666666665,12468,renderer,225.125,20.9
youtube,2.5117666666666665,12470,renderer,119.015625,0.4
youtube,2.5117666666666665,12471,renderer,70.90625,0.0
youtube,2.5117666666666665,12482,utility,54.53125,0.0
youtube,2.5117666666666665,12483,utility,69.953125,0.0
youtube,3.01895,12459,host,147.796875,5.0
youtube,3.01895,12461,gpu-process,94.765625,9.1
youtube,3.01895,12462,utility,71.9375,0.0
youtube,3.01895,12463,utility,55.546875,0.0
youtube,3.01895,12468,renderer,232.03125,16.3
youtube,3.01895,12470,renderer,119.59375,0.4
youtube,3.01895,12471,renderer,70.875,0.0
youtube,3.01895,12482,utility,54.546875,0.0
youtube,3.01895,12483,utility,69.953125,0.0
youtube,3.5093166666666664,12459,host,147.8125,5.3
youtube,3.5093166666666664,12461,gpu-process,94.796875,9.1
youtube,3.5093166666666664,12462,utility,71.9375,0.0
youtube,3.5093166666666664,12463,utility,55.546875,0.0
youtube,3.5093166666666664,12468,renderer,228.78125,19.7
youtube,3.5093166666666664,12470,renderer,119.921875,0.3
youtube,3.5093166666666664,12471,renderer,70.890625,0.0
youtube,3.5093166666666664,12482,utility,54.546875,0.0
youtube,3.5093166666666664,12483,utility,69.9375,0.0
youtube,4.199533333333333,12459,host,147.984375,3.2
youtube,4.199533333333333,12461,gpu-process,99.84375,7.8
youtube,4.199533333333333,12462,utility,71.84375,0.0
youtube,4.199533333333333,12463,utility,55.515625,0.0
youtube,4.199533333333333,12468,renderer,228.75,14.9
youtube,4.199533333333333,12470,renderer,120.453125,0.1
youtube,4.199533333333333,12471,renderer,70.765625,0.0
youtube,4.199533333333333,12482,utility,54.53125,0.0
youtube,4.199533333333333,12483,utility,69.984375,0.0
youtube,4.514399999999999,12459,host,147.984375,2.2
youtube,4.514399999999999,12461,gpu-process,100.1875,5.0
youtube,4.514399999999999,12462,utility,71.828125,0.0
youtube,4.514399999999999,12463,utility,55.515625,0.0
youtube,4.514399999999999,12468,renderer,225.6875,7.5
youtube,4.514399999999999,12470,renderer,120.140625,0.1
youtube,4.514399999999999,12471,renderer,70.75,0.0
youtube,4.514399999999999,12482,utility,54.65625,0.0
youtube,4.514399999999999,12483,utility,70.015625,0.0
youtube,5.016816666666667,12459,host,148.171875,1.9
youtube,5.016816666666667,12461,gpu-process,95.015625,4.0
youtube,5.016816666666667,12462,utility,71.796875,0.0
youtube,5.016816666666667,12463,utility,55.515625,0.0
youtube,5.016816666666667,12468,renderer,240.671875,7.3
youtube,5.016816666666667,12470,renderer,121.078125,0.1
youtube,5.016816666666667,12471,renderer,70.78125,0.0
youtube,5.016816666666667,12482,utility,54.53125,0.0
youtube,5.016816666666667,12483,utility,69.953125,0.0
youtube,5.519466666666667,12459,host,148.265625,2.5
youtube,5.519466666666667,12461,gpu-process,95.09375,6.1
youtube,5.519466666666667,12462,utility,71.90625,0.0
youtube,5.519466666666667,12463,utility,55.515625,0.0
youtube,5.519466666666667,12468,renderer,238.25,9.4
youtube,5.519466666666667,12470,renderer,120.734375,0.1
youtube,5.519466666666667,12471,renderer,70.78125,0.0
youtube,5.519466666666667,12482,utility,54.546875,0.0
youtube,5.519466666666667,12483,utility,69.953125,0.0
youtube,6.167133333333334,12459,host,148.65625,1.7
youtube,6.167133333333334,12461,gpu-process,99.96875,4.9
youtube,6.167133333333334,12462,utility,71.921875,0.0
youtube,6.167133333333334,12463,utility,55.515625,0.0
youtube,6.167133333333334,12468,renderer,241.0,9.8
youtube,6.167133333333334,12470,renderer,121.140625,0.1
youtube,6.167133333333334,12471,renderer,70.796875,0.0
youtube,6.167133333333334,12482,utility,54.546875,0.0
youtube,6.167133333333334,12483,utility,69.953125,0.0
youtube,6.5165,12459,host,148.625,2.2
youtube,6.5165,12461,gpu-process,99.984375,5.1
youtube,6.5165,12462,utility,71.96875,0.0
youtube,6.5165,12463,utility,55.515625,0.0
youtube,6.5165,12468,renderer,240.109375,8.9
youtube,6.5165,12470,renderer,121.265625,0.1
youtube,6.5165,12471,renderer,70.796875,0.0
youtube,6.5165,12482,utility,54.546875,0.0
youtube,6.5165,12483,utility,69.953125,0.0
youtube,7.019283333333333,12459,host,148.703125,2.4
youtube,7.019283333333333,12461,gpu-process,99.984375,6.9
youtube,7.019283333333333,12462,utility,71.96875,0.0
youtube,7.019283333333333,12463,utility,55.515625,0.0
youtube,7.019283333333333,12468,renderer,241.34375,9.8
youtube,7.019283333333333,12470,renderer,121.78125,0.2
youtube,7.019283333333333,12471,renderer,70.796875,0.0
youtube,7.019283333333333,12482,utility,54.546875,0.0
youtube,7.019283333333333,12483,utility,69.953125,0.0
youtube,7.521866666666667,12459,host,148.71875,2.2
youtube,7.521866666666667,12461,gpu-process,95.921875,5.7
youtube,7.521866666666667,12462,utility,71.96875,0.0
youtube,7.521866666666667,12463,utility,55.515625,0.0
youtube,7.521866666666667,12468,renderer,241.4375,9.1
youtube,7.521866666666667,12470,renderer,121.984375,0.1
youtube,7.521866666666667,12471,renderer,70.796875,0.0
youtube,7.521866666666667,12482,utility,54.5625,0.0
youtube,7.521866666666667,12483,utility,69.953125,0.0
youtube,8.120233333333333,12459,host,152.140625,2.5
youtube,8.120233333333333,12461,gpu-process,100.96875,6.2
youtube,8.120233333333333,12462,utility,72.609375,0.0
youtube,8.120233333333333,12463,utility,55.515625,0.0
youtube,8.120233333333333,12468,renderer,259.515625,10.5
youtube,8.120233333333333,12470,renderer,122.671875,0.1
youtube,8.120233333333333,12471,renderer,70.796875,0.0
youtube,8.120233333333333,12482,utility,54.578125,0.0
youtube,8.120233333333333,12483,utility,69.9375,0.0
youtube,8.520583333333333,12459,host,201.484375,2.9
youtube,8.520583333333333,12461,gpu-process,108.28125,6.5
youtube,8.520583333333333,12462,utility,82.25,0.4
youtube,8.520583333333333,12463,utility,66.15625,0.0
youtube,8.520583333333333,12468,renderer,268.28125,11.0
youtube,8.520583333333333,12470,renderer,132.53125,0.2
youtube,8.520583333333333,12471,renderer,82.390625,0.0
youtube,8.520583333333333,12482,utility,64.75,0.0
youtube,8.520583333333333,12483,utility,79.9375,0.0
youtube,8.520583333333333,13094,utility,92.390625,0.0
youtube,9.006733333333333,12459,host,201.5,2.2
youtube,9.006733333333333,12461,gpu-process,108.59375,6.2
youtube,9.006733333333333,12462,utility,82.25,0.0
youtube,9.006733333333333,12463,utility,66.15625,0.0
youtube,9.006733333333333,12468,renderer,270.109375,14.7
youtube,9.006733333333333,12470,renderer,132.578125,0.1
youtube,9.006733333333333,12471,renderer,82.390625,0.0
youtube,9.006733333333333,12482,utility,64.75,0.0
youtube,9.006733333333333,12483,utility,79.9375,0.0
youtube,9.006733333333333,13094,utility,92.453125,0.0
youtube,9.509583333333333,12459,host,199.859375,3.0
youtube,9.509583333333333,12461,gpu-process,106.171875,6.4
youtube,9.509583333333333,12462,utility,81.59375,0.0
youtube,9.509583333333333,12463,utility,65.59375,0.0
youtube,9.509583333333333,12468,renderer,265.625,15.2
youtube,9.509583333333333,12470,renderer,130.4375,0.2
youtube,9.509583333333333,12471,renderer,81.390625,0.0
youtube,9.509583333333333,12482,utility,63.703125,0.0
youtube,9.509583333333333,12483,utility,76.984375,0.0
youtube,9.509583333333333,13094,utility,92.546875,0.0
youtube,10.102666666666666,12459,host,200.671875,2.5
youtube,10.102666666666666,12461,gpu-process,114.0625,6.6
youtube,10.102666666666666,12462,utility,81.9375,0.0
youtube,10.102666666666666,12463,utility,65.640625,0.0
youtube,10.102666666666666,12468,renderer,272.03125,11.8
youtube,10.102666666666666,12470,renderer,130.4375,0.1
youtube,10.102666666666666,12471,renderer,81.40625,0.0
youtube,10.102666666666666,12482,utility,63.796875,0.0
youtube,10.102666666666666,12483,utility,77.1875,0.0
youtube,10.102666666666666,13094,utility,92.625,0.0
youtube,10.520383333333333,12459,host,199.09375,2.2
youtube,10.520383333333333,12461,gpu-process,110.171875,5.4
youtube,10.520383333333333,12462,utility,81.9375,0.0
youtube,10.520383333333333,12463,utility,65.640625,0.0
youtube,10.520383333333333,12468,renderer,267.125,9.9
youtube,10.520383333333333,12470,renderer,130.296875,0.1
youtube,10.520383333333333,12471,renderer,81.40625,0.0
youtube,10.520383333333333,12482,utility,63.796875,0.0
youtube,10.520383333333333,12483,utility,76.890625,0.0
youtube,10.520383333333333,13094,utility,92.671875,0.0
youtube,11.00665,12459,host,199.125,2.8
youtube,11.00665,12461,gpu-process,110.296875,6.7
youtube,11.00665,12462,utility,81.9375,0.0
youtube,11.00665,12463,utility,65.65625,0.0
youtube,11.00665,12468,renderer,272.65625,13.7
youtube,11.00665,12470,renderer,130.5,0.2
youtube,11.00665,12471,renderer,81.40625,0.0
youtube,11.00665,12482,utility,63.796875,0.0
youtube,11.00665,12483,utility,76.890625,0.0
youtube,11.00665,13094,utility,92.734375,0.0
youtube,11.513499999999999,12459,host,199.125,2.3
youtube,11.513499999999999,12461,gpu-process,110.328125,6.2
youtube,11.513499999999999,12462,utility,81.9375,0.0
youtube,11.513499999999999,12463,utility,65.65625,0.0
youtube,11.513499999999999,12468,renderer,276.46875,11.1
youtube,11.513499999999999,12470,renderer,130.6875,0.1
youtube,11.513499999999999,12471,renderer,81.40625,0.0
youtube,11.513499999999999,12482,utility,63.796875,0.0
youtube,11.513499999999999,12483,utility,76.890625,0.0
youtube,11.513499999999999,13094,utility,92.8125,0.0
youtube,12.204016666666666,12459,host,197.4375,2.1
youtube,12.204016666666666,12461,gpu-process,109.578125,5.0
youtube,12.204016666666666,12462,utility,81.90625,0.0
youtube,12.204016666666666,12463,utility,65.65625,0.0
youtube,12.204016666666666,12468,renderer,275.359375,13.0
youtube,12.204016666666666,12470,renderer,130.671875,0.2
youtube,12.204016666666666,12471,renderer,81.359375,0.0
youtube,12.204016666666666,12482,utility,63.796875,0.0
youtube,12.204016666666666,12483,utility,77.046875,0.0
youtube,12.204016666666666,13094,utility,92.890625,0.0
youtube,12.521516666666667,12459,host,197.4375,2.4
youtube,12.521516666666667,12461,gpu-process,109.578125,6.0
youtube,12.521516666666667,12462,utility,81.90625,0.0
youtube,12.521516666666667,12463,utility,65.65625,0.0
youtube,12.521516666666667,12468,renderer,275.59375,8.3
youtube,12.521516666666667,12470,renderer,130.828125,0.2
youtube,12.521516666666667,12471,renderer,81.375,0.0
youtube,12.521516666666667,12482,utility,63.8125,0.0
youtube,12.521516666666667,12483,utility,77.046875,0.0
youtube,12.521516666666667,13094,utility,92.921875,0.0
youtube,13.011033333333334,12459,host,197.84375,2.6
youtube,13.011033333333334,12461,gpu-process,109.578125,6.5
youtube,13.011033333333334,12462,utility,81.90625,0.0
youtube,13.011033333333334,12463,utility,65.65625,0.0
youtube,13.011033333333334,12468,renderer,276.265625,16.2
youtube,13.011033333333334,12470,renderer,131.09375,0.1
youtube,13.011033333333334,12471,renderer,81.375,0.0
youtube,13.011033333333334,12482,utility,63.8125,0.0
youtube,13.011033333333334,12483,utility,77.046875,0.0
youtube,13.011033333333334,13094,utility,92.984375,0.0
youtube,13.51755,12459,host,197.84375,2.9
youtube,13.51755,12461,gpu-process,109.59375,7.0
youtube,13.51755,12462,utility,81.90625,0.0
youtube,13.51755,12463,utility,65.65625,0.0
youtube,13.51755,12468,renderer,276.71875,8.9
youtube,13.51755,12470,renderer,130.5,0.1
youtube,13.51755,12471,renderer,81.375,0.0
youtube,13.51755,12482,utility,63.8125,0.0
youtube,13.51755,12483,utility,77.0625,0.0
youtube,13.51755,13094,utility,93.0625,0.0
youtube,14.153250000000002,12459,host,197.90625,1.9
youtube,14.153250000000002,12461,gpu-process,109.71875,6.1
youtube,14.153250000000002,12462,utility,81.9375,0.0
youtube,14.153250000000002,12463,utility,65.65625,0.0
youtube,14.153250000000002,12468,renderer,285.828125,10.7
youtube,14.153250000000002,12470,renderer,130.609375,0.1
youtube,14.153250000000002,12471,renderer,81.375,0.0
youtube,14.153250000000002,12482,utility,63.828125,0.0
youtube,14.153250000000002,12483,utility,77.0625,0.0
youtube,14.153250000000002,13094,utility,93.125,0.0
youtube,14.522250000000001,12459,host,197.875,2.2
youtube,14.522250000000001,12461,gpu-process,109.71875,5.5
youtube,14.522250000000001,12462,utility,81.9375,0.0
youtube,14.522250000000001,12463,utility,65.65625,0.0
youtube,14.522250000000001,12468,renderer,286.171875,9.1
youtube,14.522250000000001,12470,renderer,130.671875,0.1
youtube,14.522250000000001,12471,renderer,81.375,0.0
youtube,14.522250000000001,12482,utility,63.828125,0.0
youtube,14.522250000000001,12483,utility,77.0625,0.0
youtube,14.522250000000001,13094,utility,93.171875,0.0
youtube,15.0117,12459,host,198.03125,2.2
youtube,15.0117,12461,gpu-process,109.578125,6.6
youtube,15.0117,12462,utility,81.9375,0.0
youtube,15.0117,12463,utility,65.65625,0.0
youtube,15.0117,12468,renderer,287.25,11.7
youtube,15.0117,12470,renderer,130.6875,0.1
youtube,15.0117,12471,renderer,81.375,0.0
youtube,15.0117,12482,utility,63.828125,0.0
youtube,15.0117,12483,utility,77.0625,0.0
youtube,15.0117,13094,utility,93.25,0.0
youtube,15.51845,12459,host,199.46875,2.6
youtube,15.51845,12461,gpu-process,110.5,7.5
youtube,15.51845,12462,utility,82.421875,0.0
youtube,15.51845,12463,utility,66.046875,0.0
youtube,15.51845,12468,renderer,289.734375,10.4
youtube,15.51845,12470,renderer,130.609375,0.1
youtube,15.51845,12471,renderer,82.234375,0.0
youtube,15.51845,12482,utility,64.453125,0.0
youtube,15.51845,12483,utility,77.421875,0.0
youtube,15.51845,13094,utility,103.296875,0.0
youtube,16.134249999999998,12459,host,199.609375,2.3
youtube,16.134249999999998,12461,gpu-process,115.03125,7.1
youtube,16.134249999999998,12462,utility,82.546875,0.0
youtube,16.134249999999998,12463,utility,66.046875,0.0
youtube,16.134249999999998,12468,renderer,300.984375,11.6
youtube,16.134249999999998,12470,renderer,131.015625,0.1
youtube,16.134249999999998,12471,renderer,82.234375,0.0
youtube,16.134249999999998,12482,utility,64.453125,0.0
youtube,16.134249999999998,12483,utility,77.421875,0.0
youtube,16.134249999999998,13094,utility,103.390625,0.0
youtube,16.520533333333333,12459,host,199.703125,2.2
youtube,16.520533333333333,12461,gpu-process,114.75,5.6
youtube,16.520533333333333,12462,utility,82.578125,0.1
youtube,16.520533333333333,12463,utility,66.046875,0.0
youtube,16.520533333333333,12468,renderer,301.53125,10.6
youtube,16.520533333333333,12470,renderer,131.140625,0.1
youtube,16.520533333333333,12471,renderer,82.234375,0.0
youtube,16.520533333333333,12482,utility,64.453125,0.0
youtube,16.520533333333333,12483,utility,77.421875,0.0
youtube,16.520533333333333,13094,utility,103.4375,0.0
youtube,17.009900000000002,12459,host,199.65625,2.5
youtube,17.009900000000002,12461,gpu-process,110.703125,5.3
youtube,17.009900000000002,12462,utility,82.59375,2.8
youtube,17.009900000000002,12463,utility,66.046875,0.0
youtube,17.009900000000002,12468,renderer,301.3125,14.4
youtube,17.009900000000002,12470,renderer,131.71875,0.1
youtube,17.009900000000002,12471,renderer,82.234375,0.0
youtube,17.009900000000002,12482,utility,64.453125,0.0
youtube,17.009900000000002,12483,utility,77.421875,0.0
youtube,17.009900000000002,13094,utility,103.5,0.0
youtube,17.516099999999998,12459,host,154.265625,1.8
youtube,17.516099999999998,12461,gpu-process,101.28125,5.7
youtube,17.516099999999998,12462,utility,73.4375,0.0
youtube,17.516099999999998,12463,utility,57.4375,0.0
youtube,17.516099999999998,12468,renderer,271.390625,11.1
youtube,17.516099999999998,12470,renderer,122.828125,0.1
youtube,17.516099999999998,12471,renderer,74.28125,0.0
youtube,17.516099999999998,12482,utility,56.0625,0.0
youtube,17.516099999999998,12483,utility,68.890625,0.0
youtube,17.516099999999998,13094,utility,70.46875,0.0
youtube,18.113699999999998,12459,host,152.8125,2.6
youtube,18.113699999999998,12461,gpu-process,102.296875,6.1
youtube,18.113699999999998,12462,utility,73.078125,0.0
youtube,18.113699999999998,12463,utility,57.09375,0.0
youtube,18.113699999999998,12468,renderer,275.46875,8.6
youtube,18.113699999999998,12470,renderer,122.671875,0.1
youtube,18.113699999999998,12471,renderer,73.4375,0.0
youtube,18.113699999999998,12482,utility,55.515625,0.0
youtube,18.113699999999998,12483,utility,68.546875,0.0
youtube,18.113699999999998,13094,utility,60.640625,0.0
youtube,18.517400000000002,12459,host,152.796875,2.5
youtube,18.517400000000002,12461,gpu-process,102.015625,6.6
youtube,18.517400000000002,12462,utility,73.03125,0.1
youtube,18.517400000000002,12463,utility,57.09375,0.0
youtube,18.517400000000002,12468,renderer,264.09375,9.7
youtube,18.517400000000002,12470,renderer,121.859375,0.1
youtube,18.517400000000002,12471,renderer,73.421875,0.0
youtube,18.517400000000002,12482,utility,55.515625,0.0
youtube,18.517400000000002,12483,utility,68.53125,0.0
youtube,18.517400000000002,13094,utility,60.6875,0.0
youtube,19.023466666666664,12459,host,153.09375,1.9
youtube,19.023466666666664,12461,gpu-process,102.21875,3.9
youtube,19.023466666666664,12462,utility,73.109375,0.0
youtube,19.023466666666664,12463,utility,57.09375,0.0
youtube,19.023466666666664,12468,renderer,266.046875,7.7
youtube,19.023466666666664,12470,renderer,121.890625,0.1
youtube,19.023466666666664,12471,renderer,73.421875,0.0
youtube,19.023466666666664,12482,utility,55.515625,0.0
youtube,19.023466666666664,12483,utility,68.53125,0.0
youtube,19.023466666666664,13094,utility,60.78125,0.0
youtube,19.51288333333333,12459,host,196.328125,2.5
youtube,19.51288333333333,12461,gpu-process,106.296875,6.0
youtube,19.51288333333333,12462,utility,81.453125,0.3
youtube,19.51288333333333,12463,utility,65.28125,0.0
youtube,19.51288333333333,12468,renderer,276.890625,9.1
youtube,19.51288333333333,12470,renderer,131.625,0.1
youtube,19.51288333333333,12471,renderer,81.71875,0.0
youtube,19.51288333333333,12482,utility,63.953125,0.0
youtube,19.51288333333333,12483,utility,76.734375,0.0
youtube,19.51288333333333,13094,utility,78.828125,0.0
youtube,20.017466666666667,12459,host,197.234375,1.9
youtube,20.017466666666667,12461,gpu-process,109.09375,4.4
youtube,20.017466666666667,12462,utility,81.296875,0.0
youtube,20.017466666666667,12463,utility,65.28125,0.0
youtube,20.017466666666667,12468,renderer,281.359375,9.9
youtube,20.017466666666667,12470,renderer,130.90625,0.1
youtube,20.017466666666667,12471,renderer,81.71875,0.0
youtube,20.017466666666667,12482,utility,64.0,0.0
youtube,20.017466666666667,12483,utility,76.734375,0.0
youtube,20.017466666666667,13094,utility,78.890625,0.0
youtube,20.025583333333334,12459,host,197.234375,1.8
youtube,20.025583333333334,12461,gpu-process,109.09375,4.5
youtube,20.025583333333334,12462,utility,81.296875,0.0
youtube,20.025583333333334,12463,utility,65.28125,0.0
youtube,20.025583333333334,12468,renderer,281.359375,8.9
youtube,20.025583333333334,12470,renderer,130.90625,0.1
youtube,20.025583333333334,12471,renderer,81.71875,0.0
youtube,20.025583333333334,12482,utility,64.0,0.0
youtube,20.025583333333334,12483,utility,76.734375,0.0
youtube,20.025583333333334,13094,utility,78.890625,0.0
static,0.004699999999999999,14671,host,139.484375,3.7
static,0.004699999999999999,14674,gpu-process,116.234375,2.7
static,0.004699999999999999,14675,utility,86.65625,1.4
static,0.004699999999999999,14676,utility,71.8125,0.3
static,0.004699999999999999,14680,renderer,91.921875,1.7
static,0.004699999999999999,14681,renderer,137.46875,4.3
static,0.5058833333333334,14671,host,144.6875,0.0
static,0.5058833333333334,14674,gpu-process,110.15625,0.0
static,0.5058833333333334,14675,utility,87.21875,0.0
static,0.5058833333333334,14676,utility,71.8125,0.0
static,0.5058833333333334,14680,renderer,91.890625,0.0
static,0.5058833333333334,14681,renderer,140.375,0.0
static,1.0059166666666666,14671,host,150.296875,12.2
static,1.0059166666666666,14674,gpu-process,110.1875,0.0
static,1.0059166666666666,14675,utility,87.359375,0.0
static,1.0059166666666666,14676,utility,71.984375,0.0
static,1.0059166666666666,14680,renderer,91.9375,0.0
static,1.0059166666666666,14681,renderer,140.46875,0.0
static,1.5061666666666667,14671,host,182.953125,3.3
static,1.5061666666666667,14674,gpu-process,110.21875,0.0
static,1.5061666666666667,14675,utility,87.71875,0.3
static,1.5061666666666667,14676,utility,71.984375,0.0
static,1.5061666666666667,14680,renderer,91.953125,0.0
static,1.5061666666666667,14681,renderer,141.75,0.0
static,2.0064333333333333,14671,host,183.0625,0.0
static,2.0064333333333333,14674,gpu-process,110.265625,0.0
static,2.0064333333333333,14675,utility,87.671875,0.0
static,2.0064333333333333,14676,utility,71.984375,0.0
static,2.0064333333333333,14680,renderer,91.953125,0.0
static,2.0064333333333333,14681,renderer,141.75,0.0
static,2.5069,14671,host,167.3125,0.0
static,2.5069,14674,gpu-process,95.703125,0.0
static,2.5069,14675,utility,76.515625,0.0
static,2.5069,14676,utility,61.65625,0.0
static,2.5069,14680,renderer,83.859375,0.0
static,2.5069,14681,renderer,134.984375,0.0
static,3.0069666666666666,14671,host,158.71875,0.0
static,3.0069666666666666,14674,gpu-process,94.90625,0.0
static,3.0069666666666666,14675,utility,76.375,0.0
static,3.0069666666666666,14676,utility,61.65625,0.0
static,3.0069666666666666,14680,renderer,83.859375,0.0
static,3.0069666666666666,14681,renderer,135.015625,0.0
static,3.5075333333333334,14671,host,147.546875,0.0
static,3.5075333333333334,14674,gpu-process,94.90625,0.0
static,3.5075333333333334,14675,utility,76.390625,0.0
static,3.5075333333333334,14676,utility,61.65625,0.0
static,3.5075333333333334,14680,renderer,83.890625,0.0
static,3.5075333333333334,14681,renderer,134.796875,0.0
static,4.008583333333333,14671,host,147.59375,0.0
static,4.008583333333333,14674,gpu-process,94.90625,0.0
static,4.008583333333333,14675,utility,76.390625,0.0
static,4.008583333333333,14676,utility,61.65625,0.0
static,4.008583333333333,14680,renderer,83.890625,0.0
static,4.008583333333333,14681,renderer,134.796875,0.0
static,4.5120000000000005,14671,host,134.71875,0.0
static,4.5120000000000005,14674,gpu-process,82.65625,0.0
static,4.5120000000000005,14675,utility,70.53125,0.0
static,4.5120000000000005,14676,utility,55.875,0.0
static,4.5120000000000005,14680,renderer,70.625,0.0
static,4.5120000000000005,14681,renderer,120.40625,0.0
static,5.0157,14671,host,135.046875,0.0
static,5.0157,14674,gpu-process,82.65625,0.0
static,5.0157,14675,utility,70.546875,0.0
static,5.0157,14676,utility,55.875,0.0
static,5.0157,14680,renderer,70.65625,0.0
static,5.0157,14681,renderer,120.125,0.0
static,5.519483333333333,14671,host,135.609375,0.0
static,5.519483333333333,14674,gpu-process,82.875,0.0
static,5.519483333333333,14675,utility,70.546875,0.0
static,5.519483333333333,14676,utility,55.875,0.0
static,5.519483333333333,14680,renderer,70.65625,0.0
static,5.519483333333333,14681,renderer,122.90625,0.0
static,6.004766666666667,14671,host,135.859375,0.0
static,6.004766666666667,14674,gpu-process,82.9375,0.0
static,6.004766666666667,14675,utility,70.546875,0.0
static,6.004766666666667,14676,utility,55.875,0.0
static,6.004766666666667,14680,renderer,70.65625,0.0
static,6.004766666666667,14681,renderer,122.9375,0.0
static,6.5053,14671,host,135.90625,0.0
static,6.5053,14674,gpu-process,82.9375,0.0
static,6.5053,14675,utility,70.484375,0.0
static,6.5053,14676,utility,55.875,0.0
static,6.5053,14680,renderer,70.609375,0.0
static,6.5053,14681,renderer,122.90625,0.0
static,7.005466666666666,14671,host,135.96875,0.0
static,7.005466666666666,14674,gpu-process,82.90625,0.0
static,7.005466666666666,14675,utility,70.5,0.0
static,7.005466666666666,14676,utility,55.875,0.0
static,7.005466666666666,14680,renderer,70.609375,0.0
static,7.005466666666666,14681,renderer,122.90625,0.0
static,7.5053,14671,host,136.1875,0.0
static,7.5053,14674,gpu-process,82.90625,0.0
static,7.5053,14675,utility,70.5,0.0
static,7.5053,14676,utility,55.875,0.0
static,7.5053,14680,renderer,70.609375,0.0
static,7.5053,14681,renderer,122.90625,0.0
