workload,minute,session,currentTime,paused,width,height,qualityCreatedAt,totalFrames,droppedFrames,decodedFrames,presentedFrames,presentedAt,perfNow,readyState,intervalDropRate,presentedFps
youtube,0.8343305812501057,B0B5EC571AA927F12FD2A198FF12643D,27.857757,False,854,480,29309.80000001192,840,0,840,,,29309.80000001192,4,,
youtube,1.3344820499999817,B0B5EC571AA927F12FD2A198FF12643D,57.864281,False,854,480,59318.90000000596,1740,0,1740,1736,59305.9,59319.10000000894,4,0.0,
youtube,1.8346506617999694,B0B5EC571AA927F12FD2A198FF12643D,87.875638,False,854,480,89330.10000000894,2640,0,2640,2637,89321.3,89330.20000000298,4,0.0,30.022225110048577
youtube,2.334826324299987,B0B5EC571AA927F12FD2A198FF12643D,117.88573,False,854,480,119339.80000001192,3541,0,3541,3537,119320.1,119339.90000000596,4,0.0,29.9903031353166
youtube,2.8350116999999346,B0B5EC571AA927F12FD2A198FF12643D,82.285714,False,854,480,149354.70000000298,4441,0,4441,4333,149335.5,149354.80000001192,4,0.0,26.52016165304039
youtube,3.335256386100082,B0B5EC571AA927F12FD2A198FF12643D,112.295559,False,854,480,179364.40000000596,5341,0,5341,5234,179351,179364.40000000596,4,0.0,30.023725741102144
youtube,3.835383470133335,B0B5EC571AA927F12FD2A198FF12643D,142.304042,False,854,480,209373.60000000894,6242,0,6242,6134,209366.5,209373.60000000894,4,0.0,29.99080282046541
youtube,4.335570798600141,B0B5EC571AA927F12FD2A198FF12643D,172.313156,False,854,480,239382.30000001192,7142,0,7142,7034,239348.7,239382.30000001192,4,0.0,29.991302522265563
youtube,4.835689363883285,B0B5EC571AA927F12FD2A198FF12643D,203.379547,False,854,480,269389.40000000596,8006,0,8006,7856,269364.1,269389.40000000596,4,0.0,27.39351686768009
youtube,5.335849144433451,B0B5EC571AA927F12FD2A198FF12643D,229.627819,False,854,480,299401,8794,0,8794,8644,299396.2,299401.10000000894,4,0.0,26.256426660266552
youtube,5.836269538883304,B0B5EC571AA927F12FD2A198FF12643D,258.28322,False,854,480,329425,9653,0,9653,9503,329395.1,329425,4,0.0,28.610540269593752
youtube,6.336407706933339,B0B5EC571AA927F12FD2A198FF12643D,288.290604,False,854,480,359433.10000000894,10553,0,10553,10404,359427.1,359433.10000000894,4,0.0,30.0252265221634
youtube,6.8365758965167815,B0B5EC571AA927F12FD2A198FF12643D,323.090058,False,854,480,389445.200000003,11478,0,11478,11227,389442.7,389445.200000003,4,0.0,27.422273016555437
youtube,7.33677032083336,B0B5EC571AA927F12FD2A198FF12643D,353.098712,False,854,480,419454.200000003,12378,0,12378,12127,419441.5,419454.200000003,4,0.0,29.991002699190243
youtube,7.8369010180501695,B0B5EC571AA927F12FD2A198FF12643D,383.108412,False,854,480,449462.3000000119,13279,0,13279,13027,449440.232,449462.40000000596,4,0.0,29.99180224071789
youtube,8.337009463183495,B0B5EC571AA927F12FD2A198FF12643D,413.114766,False,854,480,479468.5,14179,0,14179,13927,479439,479468.60000000894,4,0.0,29.9938012810656
youtube,8.837164705550094,B0B5EC571AA927F12FD2A198FF12643D,21.568652,False,854,480,509478.60000000894,652,0,652,648,509454.5,509478.60000000894,4,,
youtube,9.337315913883504,B0B5EC571AA927F12FD2A198FF12643D,51.575292,False,854,480,539486.700000003,1552,0,1552,1548,539469.9,539486.700000003,4,0.0,29.991902186415626
youtube,9.837463281250045,B0B5EC571AA927F12FD2A198FF12643D,81.585655,False,854,480,569497.5,2452,0,2452,2449,569485.5,569497.5,4,0.0,30.022525224255585
youtube,10.337683534016833,B0B5EC571AA927F12FD2A198FF12643D,111.600025,False,854,480,599509.6000000089,3353,0,3353,3349,599500.9,599509.6000000089,4,0.0,29.98790487835679
youtube,10.838356052083448,B0B5EC571AA927F12FD2A198FF12643D,203.790964,False,854,480,629550,4361,0,4361,4173,629533,629550,4,0.0,27.429727966346828
youtube,11.338502995833307,B0B5EC571AA927F12FD2A198FF12643D,233.799549,False,854,480,659559,5261,0,5261,5073,659515.1,659559,4,0.0,29.991002699190243
youtube,11.838669436099979,B0B5EC571AA927F12FD2A198FF12643D,263.806767,False,854,480,689568.5,6162,0,6162,5974,689547.3,689568.6000000089,4,0.0,30.023725741087237
youtube,12.338874339583466,B0B5EC571AA927F12FD2A198FF12643D,293.818644,False,854,480,719581.8000000119,7062,0,7062,6875,719579.4,719581.8000000119,4,0.0,30.020124478559783
youtube,12.839029404166649,B0B5EC571AA927F12FD2A198FF12643D,323.320671,False,854,480,749589.6000000089,7890,0,7890,7696,749544.9,749589.6000000089,4,0.0,27.359553182841847
youtube,13.339159517350103,B0B5EC571AA927F12FD2A198FF12643D,353.331365,False,854,480,779599.400000006,8791,0,8791,8597,779593.7,779599.400000006,4,0.0,30.023525648291205
youtube,13.83941264443347,B0B5EC571AA927F12FD2A198FF12643D,383.343314,False,854,480,809613.900000006,9691,0,9691,9497,809575.9,809614,4,0.0,29.98540710188304
youtube,14.339634242349954,B0B5EC571AA927F12FD2A198FF12643D,413.354576,False,854,480,839627.5,10592,0,10592,10398,839608,839627.5,4,0.0,30.019824412347777
youtube,14.839849156249935,B0B5EC571AA927F12FD2A198FF12643D,84.176782,False,854,480,869639.5,11445,0,11445,11220,869606.8,869639.5,4,0.0,27.3890443822471
youtube,15.340033913883477,B0B5EC571AA927F12FD2A198FF12643D,114.185054,False,854,480,899650.5,12345,0,12345,12120,899605.6,899650.5,4,0.0,29.989004031854986
youtube,15.840688046516638,B0B5EC571AA927F12FD2A198FF12643D,144.228374,False,854,480,929691.1000000089,13247,0,13247,13022,929687.7,929691.1000000089,4,0.0,30.02603143744571
youtube,16.340931684016688,B0B5EC571AA927F12FD2A198FF12643D,174.244701,False,854,480,959706.400000006,14147,0,14147,13922,959669.8,959706.400000006,4,0.0,29.984707799025475
youtube,16.841188072216756,B0B5EC571AA927F12FD2A198FF12643D,20.941337,False,854,480,989719.700000003,633,0,633,629,989685.3,989719.700000003,4,,
youtube,17.34136812985016,B0B5EC571AA927F12FD2A198FF12643D,50.954128,False,854,480,1019730.3000000119,1533,0,1533,1530,1019717.5,1019730.400000006,4,0.0,30.02262526365298
youtube,17.841571325683375,B0B5EC571AA927F12FD2A198FF12643D,80.107959,False,854,480,1049743.100000009,2407,0,2407,2404,1049732.9,1049743.200000003,4,0.0,29.120908412413595
youtube,18.341763534016597,B0B5EC571AA927F12FD2A198FF12643D,110.114228,False,854,480,1079754,3308,0,3308,3304,1079731.6,1079754.100000009,4,0.0,29.98910395888898
youtube,18.84193165416679,B0B5EC571AA927F12FD2A198FF12643D,323.337356,False,854,480,1109763.800000012,4230,0,4230,4125,1109713.8,1109763.800000012,4,0.0,27.35782097121659
youtube,19.34208977846671,B0B5EC571AA927F12FD2A198FF12643D,353.345143,False,854,480,1139773.800000012,5131,0,5131,5026,1139762.6,1139773.900000006,4,0.0,30.023225514082892
youtube,19.842349616666617,B0B5EC571AA927F12FD2A198FF12643D,383.362559,False,854,480,1169789.300000012,6031,0,6031,5926,1169744.8,1169789.300000012,4,0.0,29.98460790127139
youtube,20.34256000138339,B0B5EC571AA927F12FD2A198FF12643D,413.375107,False,854,480,1199801.200000003,6932,0,6932,6827,1199793.6,1199801.200000003,4,0.0,30.02142483482447
